>>> Starting All-In-One Android Release Build Pipeline...
[1/8] Clearing background process file locks...
[2/8] Clearing Android build cache and outputs...
npm warn deprecated eslint@9.39.5: This version is no longer supported. Please see https://eslint.org/version-support for other options.

added 170 packages, and audited 1203 packages in 9s

200 packages are looking for funding
  run `npm fund` for details

33 vulnerabilities (21 moderate, 11 high, 1 critical)

To address issues that do not require attention, run:
  npm audit fix

To address all issues (including breaking changes), run:
  npm audit fix --force

Run `npm audit` for details.
[3/8] Installing dependencies completed.
env: load .env
env: export EXPO_PUBLIC_API_URL
- Creating native directory (./android)
ΓêÜ Created native directory
- Updating package.json
ΓêÜ Updated package.json | no changes
- Running prebuild
ΓêÜ Finished prebuild
[4/8] Running Expo Prebuild completed.

Using expo modules
  - [32mexpo-application[0m (6.0.2)
  - [32mexpo-asset[0m (11.0.5)
  - [32mexpo-constants[0m (17.0.8)
  - [32mexpo-crypto[0m (14.0.2)
  - [32mexpo-document-picker[0m (13.0.3)
  - [32mexpo-file-system[0m (18.0.12)
  - [32mexpo-font[0m (13.0.4)
  - [32mexpo-image[0m (2.0.7)
  - [32mexpo-image-loader[0m (5.0.0)
  - [32mexpo-image-picker[0m (16.0.6)
  - [32mexpo-keep-awake[0m (14.0.3)
  - [32mexpo-linear-gradient[0m (14.0.2)
  - [32mexpo-linking[0m (7.0.5)
  - [32mexpo-modules-core[0m (2.2.3)
  - [32mexpo-notifications[0m (0.29.14)
  - [32mexpo-print[0m (14.0.3)
  - [32mexpo-secure-store[0m (14.0.1)
  - [32mexpo-sharing[0m (13.0.1)
  - [32mexpo-sqlite[0m (15.1.4)

[5/8] Cleaning Gradle cache completed.
> Task :gradle-plugin:settings-plugin:checkKotlinGradlePluginConfigurationErrors
> Task :gradle-plugin:shared:checkKotlinGradlePluginConfigurationErrors
> Task :gradle-plugin:shared:compileKotlin UP-TO-DATE
> Task :gradle-plugin:shared:compileJava NO-SOURCE
> Task :gradle-plugin:shared:processResources NO-SOURCE
> Task :gradle-plugin:shared:classes UP-TO-DATE
> Task :gradle-plugin:shared:jar UP-TO-DATE
> Task :gradle-plugin:settings-plugin:compileKotlin UP-TO-DATE
> Task :gradle-plugin:settings-plugin:compileJava NO-SOURCE
> Task :gradle-plugin:settings-plugin:pluginDescriptors UP-TO-DATE
> Task :gradle-plugin:settings-plugin:processResources UP-TO-DATE
> Task :gradle-plugin:settings-plugin:classes UP-TO-DATE
> Task :gradle-plugin:settings-plugin:jar UP-TO-DATE
> Task :gradle-plugin:react-native-gradle-plugin:checkKotlinGradlePluginConfigurationErrors
> Task :gradle-plugin:react-native-gradle-plugin:compileKotlin UP-TO-DATE
> Task :gradle-plugin:react-native-gradle-plugin:compileJava NO-SOURCE
> Task :gradle-plugin:react-native-gradle-plugin:pluginDescriptors UP-TO-DATE
> Task :gradle-plugin:react-native-gradle-plugin:processResources UP-TO-DATE
> Task :gradle-plugin:react-native-gradle-plugin:classes UP-TO-DATE
> Task :gradle-plugin:react-native-gradle-plugin:jar UP-TO-DATE

> Configure project :expo

Using expo modules
  - [32mexpo-application[0m (6.0.2)
  - [32mexpo-asset[0m (11.0.5)
  - [32mexpo-constants[0m (17.0.8)
  - [32mexpo-crypto[0m (14.0.2)
  - [32mexpo-document-picker[0m (13.0.3)
  - [32mexpo-file-system[0m (18.0.12)
  - [32mexpo-font[0m (13.0.4)
  - [32mexpo-image[0m (2.0.7)
  - [32mexpo-image-loader[0m (5.0.0)
  - [32mexpo-image-picker[0m (16.0.6)
  - [32mexpo-keep-awake[0m (14.0.3)
  - [32mexpo-linear-gradient[0m (14.0.2)
  - [32mexpo-linking[0m (7.0.5)
  - [32mexpo-modules-core[0m (2.2.3)
  - [32mexpo-notifications[0m (0.29.14)
  - [32mexpo-print[0m (14.0.3)
  - [32mexpo-secure-store[0m (14.0.1)
  - [32mexpo-sharing[0m (13.0.1)
  - [32mexpo-sqlite[0m (15.1.4)


> Task :app:checkKotlinGradlePluginConfigurationErrors
> Task :app:generateAutolinkingNewArchitectureFiles
> Task :app:generateAutolinkingPackageList
> Task :app:generateCodegenSchemaFromJavaScript SKIPPED
> Task :app:generateCodegenArtifactsFromSchema SKIPPED
> Task :app:preBuild
> Task :app:preReleaseBuild
> Task :app:generateReleaseBuildConfig
> Task :expo:generateExpoModulesPackageListTask
> Task :expo:preBuild
> Task :expo:preReleaseBuild
> Task :expo-application:preBuild UP-TO-DATE
> Task :expo-application:preReleaseBuild UP-TO-DATE
> Task :expo-asset:preBuild UP-TO-DATE
> Task :expo-asset:preReleaseBuild UP-TO-DATE
> Task :expo:writeReleaseAarMetadata
> Task :expo-application:writeReleaseAarMetadata
> Task :expo-asset:writeReleaseAarMetadata

> Task :expo-constants:createExpoConfig
env: load .env
env: export EXPO_PUBLIC_API_URL

> Task :expo-constants:preBuild
> Task :expo-constants:preReleaseBuild
> Task :expo-crypto:preBuild UP-TO-DATE
> Task :expo-crypto:preReleaseBuild UP-TO-DATE
> Task :expo-constants:writeReleaseAarMetadata
> Task :expo-document-picker:preBuild UP-TO-DATE
> Task :expo-document-picker:preReleaseBuild UP-TO-DATE
> Task :expo-crypto:writeReleaseAarMetadata
> Task :expo-file-system:preBuild UP-TO-DATE
> Task :expo-file-system:preReleaseBuild UP-TO-DATE
> Task :expo-document-picker:writeReleaseAarMetadata
> Task :expo-font:preBuild UP-TO-DATE
> Task :expo-font:preReleaseBuild UP-TO-DATE
> Task :expo-file-system:writeReleaseAarMetadata
> Task :expo-image:preBuild UP-TO-DATE
> Task :expo-image:preReleaseBuild UP-TO-DATE
> Task :expo-font:writeReleaseAarMetadata
> Task :expo-image-loader:preBuild UP-TO-DATE
> Task :expo-image-loader:preReleaseBuild UP-TO-DATE
> Task :expo-image:writeReleaseAarMetadata
> Task :expo-image-picker:preBuild UP-TO-DATE
> Task :expo-image-picker:preReleaseBuild UP-TO-DATE
> Task :expo-image-loader:writeReleaseAarMetadata
> Task :expo-keep-awake:preBuild UP-TO-DATE
> Task :expo-keep-awake:preReleaseBuild UP-TO-DATE
> Task :expo-image-picker:writeReleaseAarMetadata
> Task :expo-linear-gradient:preBuild UP-TO-DATE
> Task :expo-linear-gradient:preReleaseBuild UP-TO-DATE
> Task :expo-keep-awake:writeReleaseAarMetadata
> Task :expo-linking:preBuild UP-TO-DATE
> Task :expo-linking:preReleaseBuild UP-TO-DATE
> Task :expo-linear-gradient:writeReleaseAarMetadata
> Task :expo-modules-core:preBuild UP-TO-DATE
> Task :expo-modules-core:preReleaseBuild UP-TO-DATE
> Task :expo-linking:writeReleaseAarMetadata
> Task :expo-notifications:preBuild UP-TO-DATE
> Task :expo-notifications:preReleaseBuild UP-TO-DATE
> Task :expo-modules-core:writeReleaseAarMetadata
> Task :expo-print:preBuild UP-TO-DATE
> Task :expo-print:preReleaseBuild UP-TO-DATE
> Task :expo-notifications:writeReleaseAarMetadata
> Task :expo-secure-store:preBuild UP-TO-DATE
> Task :expo-secure-store:preReleaseBuild UP-TO-DATE
> Task :expo-print:writeReleaseAarMetadata
> Task :expo-sharing:preBuild UP-TO-DATE
> Task :expo-sharing:preReleaseBuild UP-TO-DATE
> Task :expo-secure-store:writeReleaseAarMetadata
> Task :expo-sqlite:preBuild UP-TO-DATE
> Task :expo-sqlite:preReleaseBuild UP-TO-DATE
> Task :expo-sharing:writeReleaseAarMetadata
> Task :expo-sqlite:writeReleaseAarMetadata
> Task :react-native-async-storage_async-storage:generateCodegenSchemaFromJavaScript
> Task :react-native-async-storage_async-storage:generateCodegenArtifactsFromSchema
> Task :react-native-async-storage_async-storage:preBuild
> Task :react-native-async-storage_async-storage:preReleaseBuild
> Task :react-native-get-random-values:preBuild UP-TO-DATE
> Task :react-native-get-random-values:preReleaseBuild UP-TO-DATE
> Task :react-native-async-storage_async-storage:writeReleaseAarMetadata
> Task :react-native-get-random-values:writeReleaseAarMetadata
> Task :react-native-safe-area-context:generateCodegenSchemaFromJavaScript
> Task :react-native-safe-area-context:generateCodegenArtifactsFromSchema
> Task :react-native-safe-area-context:preBuild
> Task :react-native-safe-area-context:preReleaseBuild
> Task :react-native-safe-area-context:writeReleaseAarMetadata
> Task :react-native-screens:generateCodegenSchemaFromJavaScript
> Task :react-native-screens:generateCodegenArtifactsFromSchema
> Task :react-native-screens:preBuild
> Task :react-native-screens:preReleaseBuild
> Task :react-native-screens:writeReleaseAarMetadata
> Task :react-native-svg:generateCodegenSchemaFromJavaScript
> Task :react-native-svg:generateCodegenArtifactsFromSchema
> Task :react-native-svg:preBuild
> Task :react-native-svg:preReleaseBuild
> Task :react-native-svg:writeReleaseAarMetadata
> Task :react-native-vector-icons:generateCodegenSchemaFromJavaScript
> Task :react-native-vector-icons:generateCodegenArtifactsFromSchema
> Task :react-native-vector-icons:preBuild
> Task :react-native-vector-icons:preReleaseBuild
> Task :react-native-vector-icons:writeReleaseAarMetadata
> Task :shopify_flash-list:generateCodegenSchemaFromJavaScript
> Task :shopify_flash-list:generateCodegenArtifactsFromSchema
> Task :shopify_flash-list:preBuild
> Task :shopify_flash-list:preReleaseBuild
> Task :shopify_flash-list:writeReleaseAarMetadata

> Task :app:createBundleReleaseJsAndAssets
env: load .env
env: export EXPO_PUBLIC_API_URL
Starting Metro Bundler
warning: Bundler cache is empty, rebuilding (this may take a minute)
Android Bundled 7208ms node_modules\expo-router\entry.js (2198 modules)
Writing bundle output to: android\app\build\generated\assets\createBundleReleaseJsAndAssets\index.android.bundle
Writing sourcemap output to: android\app\build\intermediates\sourcemaps\react\release\index.android.bundle.packager.map
Copying 62 asset files
Done writing bundle output
Done writing sourcemap output
android\app\build\generated\assets\createBundleReleaseJsAndAssets\index.android.bundle:2373:20: warning: the variable "Promise" was not declared in function "promiseMethodWrapper"
        return new Promise((resolve, reject) => {
                   ^~~~~~~
android\app\build\generated\assets\createBundleReleaseJsAndAssets\index.android.bundle:2595:23: warning: the variable "DebuggerInternal" was not declared in function "__shouldPauseOnThrow"
        return typeof DebuggerInternal !== 'undefined' && DebuggerInternal.sh...
                      ^~~~~~~~~~~~~~~~
android\app\build\generated\assets\createBundleReleaseJsAndAssets\index.android.bundle:3912:5: warning: the variable "setImmediate" was not declared in function "handleResolved"
    setImmediate(function () {
    ^~~~~~~~~~~~
android\app\build\generated\assets\createBundleReleaseJsAndAssets\index.android.bundle:5260:94: warning: the variable "setTimeout" was not declared in anonymous arrow function " 237#"
...).then(callback).catch(error => setTimeout(() => {
                                   ^~~~~~~~~~
android\app\build\generated\assets\createBundleReleaseJsAndAssets\index.android.bundle:7537:5: warning: the variable "Headers" was not declared in anonymous function " 310#"
    Headers,
    ^~~~~~~
android\app\build\generated\assets\createBundleReleaseJsAndAssets\index.android.bundle:7538:5: warning: the variable "Request" was not declared in anonymous function " 310#"
    Request,
    ^~~~~~~
android\app\build\generated\assets\createBundleReleaseJsAndAssets\index.android.bundle:7539:5: warning: the variable "Response" was not declared in anonymous function " 310#"
    Response
    ^~~~~~~~
android\app\build\generated\assets\createBundleReleaseJsAndAssets\index.android.bundle:7696:24: warning: the variable "FileReader" was not declared in function "readBlobAsArrayBuffer"
      var reader = new FileReader();
                       ^~~~~~~~~~
android\app\build\generated\assets\createBundleReleaseJsAndAssets\index.android.bundle:7747:36: warning: the variable "Blob" was not declared in anonymous function " 321#"
        } else if (support.blob && Blob.prototype.isPrototypeOf(body)) {
                                   ^~~~
android\app\build\generated\assets\createBundleReleaseJsAndAssets\index.android.bundle:7749:40: warning: the variable "FormData" was not declared in anonymous function " 321#"
        } else if (support.formData && FormData.prototype.isPrototypeOf(body)) {
                                       ^~~~~~~~
android\app\build\generated\assets\createBundleReleaseJsAndAssets\index.android.bundle:7751:44: warning: the variable "URLSearchParams" was not declared in anonymous function " 321#"
...e if (support.searchParams && URLSearchParams.prototype.isPrototypeOf(body...
                                 ^~~~~~~~~~~~~~~
android\app\build\generated\assets\createBundleReleaseJsAndAssets\index.android.bundle:7870:26: warning: the variable "AbortController" was not declared in anonymous function " 327#"
          var ctrl = new AbortController();
                         ^~~~~~~~~~~~~~~
android\app\build\generated\assets\createBundleReleaseJsAndAssets\index.android.bundle:8004:23: warning: the variable "XMLHttpRequest" was not declared in anonymous function " 331#"
        var xhr = new XMLHttpRequest();
                      ^~~~~~~~~~~~~~
android\app\build\generated\assets\createBundleReleaseJsAndAssets\index.android.bundle:7549:71: warning: the variable "self" was not declared in anonymous function " 313#"
...undefined' && globalThis || typeof self !== 'undefined' && self ||
                                      ^~~~
android\app\build\generated\assets\createBundleReleaseJsAndAssets\index.android.bundle:17100:31: warning: the variable "nativeFabricUIManager" was not declared in anonymous function " 644#"
  var _nativeFabricUIManage = nativeFabricUIManager,
                              ^~~~~~~~~~~~~~~~~~~~~
android\app\build\generated\assets\createBundleReleaseJsAndAssets\index.android.bundle:17128:21: warning: the variable "clearTimeout" was not declared in anonymous function " 644#"
    cancelTimeout = clearTimeout;
                    ^~~~~~~~~~~~
android\app\build\generated\assets\createBundleReleaseJsAndAssets\index.android.bundle:17141:51: warning: the variable "RN$enableMicrotasksInReact" was not declared in anonymous function " 644#"
... "undefined" !== typeof RN$enableMicrotasksInReact && !!RN$enableMicrotask...
                           ^~~~~~~~~~~~~~~~~~~~~~~~~~
android\app\build\generated\assets\createBundleReleaseJsAndAssets\index.android.bundle:17142:47: warning: the variable "queueMicrotask" was not declared in anonymous function " 644#"
...otask = "function" === typeof queueMicrotask ? queueMicrotask : scheduleTi...
                                 ^~~~~~~~~~~~~~
android\app\build\generated\assets\createBundleReleaseJsAndAssets\index.android.bundle:21563:30: warning: the variable "__REACT_DEVTOOLS_GLOBAL_HOOK__" was not declared in anonymous function " 644#"
  if ("undefined" !== typeof __REACT_DEVTOOLS_GLOBAL_HOOK__) {
                             ^~~~~~~~~~~~~~~~~~~~~~~~~~~~~~
android\app\build\generated\assets\createBundleReleaseJsAndAssets\index.android.bundle:21701:26: warning: the variable "navigator" was not declared in anonymous function " 677#"
  "undefined" !== typeof navigator && undefined !== navigator.scheduling && u...
                         ^~~~~~~~~
android\app\build\generated\assets\createBundleReleaseJsAndAssets\index.android.bundle:21811:37: warning: the variable "MessageChannel" was not declared in anonymous function " 677#"
  };else if ("undefined" !== typeof MessageChannel) {
                                    ^~~~~~~~~~~~~~
android\app\build\generated\assets\createBundleReleaseJsAndAssets\index.android.bundle:21826:34: warning: the variable "nativeRuntimeScheduler" was not declared in anonymous function " 677#"
... = "undefined" !== typeof nativeRuntimeScheduler ? nativeRuntimeScheduler....
                             ^~~~~~~~~~~~~~~~~~~~~~
android\app\build\generated\assets\createBundleReleaseJsAndAssets\index.android.bundle:30683:16: warning: the variable "SharedArrayBuffer" was not declared in function "from"
    if (typeof SharedArrayBuffer !== 'undefined' && (isInstance(value, Shared...
               ^~~~~~~~~~~~~~~~~
android\app\build\generated\assets\createBundleReleaseJsAndAssets\index.android.bundle:38562:34: warning: the variable "requestAnimationFrame" was not declared in function "start 9#"
...    this._animationFrame = requestAnimationFrame(this.onUpdate.bind(this));
                              ^~~~~~~~~~~~~~~~~~~~~
android\app\build\generated\assets\createBundleReleaseJsAndAssets\index.android.bundle:53731:26: warning: the variable "SuppressedError" was not declared in anonymous function " 1652#"
    "function" == typeof SuppressedError && SuppressedError;
                         ^~~~~~~~~~~~~~~
android\app\build\generated\assets\createBundleReleaseJsAndAssets\index.android.bundle:54016:34: warning: the variable "structuredClone" was not declared in function "be"
        } : "function" == typeof structuredClone ? function (e) {
                                 ^~~~~~~~~~~~~~~
android\app\build\generated\assets\createBundleReleaseJsAndAssets\index.android.bundle:61565:16: warning: Direct call to eval(), but lexical scope is not supported.
        return eval(body);
               ^~~~~~~~~~
android\app\build\generated\assets\createBundleReleaseJsAndAssets\index.android.bundle:65057:38: warning: the variable "document" was not declared in anonymous function " 2242#"
...r useClientLayoutEffect = typeof document !== 'undefined' || typeof naviga...
                                    ^~~~~~~~
android\app\build\generated\assets\createBundleReleaseJsAndAssets\index.android.bundle:71162:9: warning: the variable "REACT_NAVIGATION_DEVTOOLS" was not declared in anonymous arrow function " 2600#"
        REACT_NAVIGATION_DEVTOOLS.set(refContainer.current, {
        ^~~~~~~~~~~~~~~~~~~~~~~~~
android\app\build\generated\assets\createBundleReleaseJsAndAssets\index.android.bundle:76940:16: warning: the variable "requestIdleCallback" was not declared in anonymous arrow function " 2853#"
      var id = requestIdleCallback(() => {
               ^~~~~~~~~~~~~~~~~~~
android\app\build\generated\assets\createBundleReleaseJsAndAssets\index.android.bundle:76943:20: warning: the variable "cancelIdleCallback" was not declared in anonymous arrow function " 2855#"
      return () => cancelIdleCallback(id);
                   ^~~~~~~~~~~~~~~~~~
android\app\build\generated\assets\createBundleReleaseJsAndAssets\index.android.bundle:80451:11: warning: the variable "cancelAnimationFrame" was not declared in function "cleanup"
          cancelAnimationFrame(this.splashScreenAnimationFrame);
          ^~~~~~~~~~~~~~~~~~~~
android\app\build\generated\assets\createBundleReleaseJsAndAssets\index.android.bundle:81631:16: warning: the variable "ReactNativeWebView" was not declared in function "emitDomEvent"
    if (typeof ReactNativeWebView !== 'undefined') {
               ^~~~~~~~~~~~~~~~~~
android\app\build\generated\assets\createBundleReleaseJsAndAssets\index.android.bundle:153321:25: warning: the variable "Atomics" was not declared in anonymous function " 5641#"
    '%Atomics%': typeof Atomics === 'undefined' ? undefined : Atomics,
                        ^~~~~~~
android\app\build\generated\assets\createBundleReleaseJsAndAssets\index.android.bundle:153336:30: warning: the variable "Float16Array" was not declared in anonymous function " 5641#"
    '%Float16Array%': typeof Float16Array === 'undefined' ? undefined : Float...
                             ^~~~~~~~~~~~
android\app\build\generated\assets\createBundleReleaseJsAndAssets\index.android.bundle:153339:38: warning: the variable "FinalizationRegistry" was not declared in anonymous function " 5641#"
...lizationRegistry%': typeof FinalizationRegistry === 'undefined' ? undefine...
                              ^~~~~~~~~~~~~~~~~~~~
android\app\build\generated\assets\createBundleReleaseJsAndAssets\index.android.bundle:153379:25: warning: the variable "WeakRef" was not declared in anonymous function " 5641#"
    '%WeakRef%': typeof WeakRef === 'undefined' ? undefined : WeakRef,
                        ^~~~~~~
android\app\build\generated\assets\createBundleReleaseJsAndAssets\index.android.bundle:158354:32: warning: the variable "crypto" was not declared in function "rng"
      getRandomValues = typeof crypto !== 'undefined' && crypto.getRandomValu...
                               ^~~~~~

> Task :app:generateReleaseResValues
> Task :expo:generateReleaseResValues
> Task :app:checkReleaseAarMetadata
> Task :expo:generateReleaseResources
> Task :expo:packageReleaseResources
> Task :expo-application:generateReleaseResValues
> Task :expo-application:generateReleaseResources
> Task :expo-application:packageReleaseResources
> Task :expo-asset:generateReleaseResValues
> Task :expo-asset:generateReleaseResources
> Task :expo-asset:packageReleaseResources
> Task :expo-constants:generateReleaseResValues
> Task :expo-constants:generateReleaseResources
> Task :expo-constants:packageReleaseResources
> Task :expo-crypto:generateReleaseResValues
> Task :expo-crypto:generateReleaseResources
> Task :expo-crypto:packageReleaseResources
> Task :expo-document-picker:generateReleaseResValues
> Task :expo-document-picker:generateReleaseResources
> Task :expo-document-picker:packageReleaseResources
> Task :expo-file-system:generateReleaseResValues
> Task :expo-file-system:generateReleaseResources
> Task :expo-file-system:packageReleaseResources
> Task :expo-font:generateReleaseResValues
> Task :expo-font:generateReleaseResources
> Task :expo-font:packageReleaseResources
> Task :expo-image:generateReleaseResValues
> Task :expo-image:generateReleaseResources
> Task :expo-image:packageReleaseResources
> Task :expo-image-loader:generateReleaseResValues
> Task :expo-image-loader:generateReleaseResources
> Task :expo-image-loader:packageReleaseResources
> Task :expo-image-picker:generateReleaseResValues
> Task :expo-image-picker:generateReleaseResources
> Task :expo-image-picker:packageReleaseResources
> Task :expo-keep-awake:generateReleaseResValues
> Task :expo-keep-awake:generateReleaseResources
> Task :expo-keep-awake:packageReleaseResources
> Task :expo-linear-gradient:generateReleaseResValues
> Task :expo-linear-gradient:generateReleaseResources
> Task :expo-linear-gradient:packageReleaseResources
> Task :expo-linking:generateReleaseResValues
> Task :expo-linking:generateReleaseResources
> Task :expo-linking:packageReleaseResources
> Task :expo-modules-core:generateReleaseResValues
> Task :expo-modules-core:generateReleaseResources
> Task :expo-modules-core:packageReleaseResources
> Task :expo-notifications:generateReleaseResValues
> Task :expo-notifications:generateReleaseResources
> Task :expo-notifications:packageReleaseResources
> Task :expo-print:generateReleaseResValues
> Task :expo-print:generateReleaseResources
> Task :expo-print:packageReleaseResources
> Task :expo-secure-store:generateReleaseResValues
> Task :expo-secure-store:generateReleaseResources
> Task :expo-secure-store:packageReleaseResources
> Task :expo-sharing:generateReleaseResValues
> Task :expo-sharing:generateReleaseResources
> Task :expo-sharing:packageReleaseResources
> Task :expo-sqlite:generateReleaseResValues
> Task :expo-sqlite:generateReleaseResources
> Task :expo-sqlite:packageReleaseResources
> Task :react-native-async-storage_async-storage:generateReleaseResValues
> Task :react-native-async-storage_async-storage:generateReleaseResources
> Task :react-native-async-storage_async-storage:packageReleaseResources
> Task :react-native-get-random-values:generateReleaseResValues
> Task :react-native-get-random-values:generateReleaseResources
> Task :react-native-get-random-values:packageReleaseResources
> Task :react-native-safe-area-context:generateReleaseResValues
> Task :react-native-safe-area-context:generateReleaseResources
> Task :react-native-safe-area-context:packageReleaseResources
> Task :react-native-screens:generateReleaseResValues
> Task :react-native-screens:generateReleaseResources
> Task :react-native-screens:packageReleaseResources
> Task :react-native-svg:generateReleaseResValues
> Task :react-native-svg:generateReleaseResources
> Task :react-native-svg:packageReleaseResources
> Task :react-native-vector-icons:generateReleaseResValues
> Task :react-native-vector-icons:generateReleaseResources
> Task :react-native-vector-icons:packageReleaseResources
> Task :shopify_flash-list:generateReleaseResValues
> Task :shopify_flash-list:generateReleaseResources
> Task :shopify_flash-list:packageReleaseResources
> Task :app:mapReleaseSourceSetPaths
> Task :app:generateReleaseResources
> Task :app:packageReleaseResources
> Task :app:createReleaseCompatibleScreenManifests
> Task :app:extractDeepLinksRelease
> Task :expo:extractDeepLinksRelease
> Task :expo-application:extractDeepLinksRelease
> Task :expo-asset:extractDeepLinksRelease
> Task :expo-constants:extractDeepLinksRelease
> Task :expo-crypto:extractDeepLinksRelease
> Task :expo-document-picker:extractDeepLinksRelease
> Task :expo-file-system:extractDeepLinksRelease
> Task :expo-font:extractDeepLinksRelease
> Task :expo-image:extractDeepLinksRelease
> Task :app:parseReleaseLocalResources
> Task :expo-image-loader:extractDeepLinksRelease
> Task :expo-image-picker:extractDeepLinksRelease
> Task :expo-keep-awake:extractDeepLinksRelease
> Task :expo-linear-gradient:extractDeepLinksRelease
> Task :expo-image:processReleaseManifest
> Task :expo-crypto:processReleaseManifest
> Task :expo-image-loader:processReleaseManifest
> Task :expo-asset:processReleaseManifest
> Task :expo-linking:extractDeepLinksRelease
> Task :expo:processReleaseManifest
> Task :expo-document-picker:processReleaseManifest
> Task :expo-modules-core:extractDeepLinksRelease
> Task :expo-font:processReleaseManifest
> Task :expo-keep-awake:processReleaseManifest
> Task :expo-notifications:extractDeepLinksRelease

> Task :expo-file-system:processReleaseManifest
D:\hobby\wise_wallet\node_modules\expo-file-system\android\src\main\AndroidManifest.xml:6:9-8:20 Warning:
	provider#expo.modules.filesystem.FileSystemFileProvider@android:authorities was tagged at AndroidManifest.xml:6 to replace other declarations but no other declaration present

> Task :expo-print:extractDeepLinksRelease
> Task :expo-constants:processReleaseManifest
> Task :expo-linear-gradient:processReleaseManifest
> Task :expo-secure-store:extractDeepLinksRelease
> Task :expo-application:processReleaseManifest
> Task :expo-linking:processReleaseManifest
> Task :expo-image-picker:processReleaseManifest
> Task :expo-sharing:extractDeepLinksRelease
> Task :expo-sqlite:extractDeepLinksRelease
> Task :expo-print:processReleaseManifest

> Task :expo-modules-core:processReleaseManifest
D:\hobby\wise_wallet\node_modules\expo-modules-core\android\src\main\AndroidManifest.xml:8:9-11:45 Warning:
	meta-data#com.facebook.soloader.enabled@android:value was tagged at AndroidManifest.xml:8 to replace other declarations but no other declaration present

> Task :expo-notifications:processReleaseManifest
> Task :react-native-async-storage_async-storage:extractDeepLinksRelease
> Task :expo-secure-store:processReleaseManifest
> Task :react-native-get-random-values:extractDeepLinksRelease
> Task :expo-sharing:processReleaseManifest
> Task :react-native-safe-area-context:extractDeepLinksRelease
> Task :expo-sqlite:processReleaseManifest
> Task :react-native-screens:extractDeepLinksRelease

> Task :react-native-async-storage_async-storage:processReleaseManifest
package="com.reactnativecommunity.asyncstorage" found in source AndroidManifest.xml: D:\hobby\wise_wallet\node_modules\@react-native-async-storage\async-storage\android\src\main\AndroidManifest.xml.
Setting the namespace via the package attribute in the source AndroidManifest.xml is no longer supported, and the value is ignored.
Recommendation: remove package="com.reactnativecommunity.asyncstorage" from the source AndroidManifest.xml: D:\hobby\wise_wallet\node_modules\@react-native-async-storage\async-storage\android\src\main\AndroidManifest.xml.

> Task :react-native-svg:extractDeepLinksRelease

> Task :react-native-get-random-values:processReleaseManifest
package="org.linusu" found in source AndroidManifest.xml: D:\hobby\wise_wallet\node_modules\react-native-get-random-values\android\src\main\AndroidManifest.xml.
Setting the namespace via the package attribute in the source AndroidManifest.xml is no longer supported, and the value is ignored.
Recommendation: remove package="org.linusu" from the source AndroidManifest.xml: D:\hobby\wise_wallet\node_modules\react-native-get-random-values\android\src\main\AndroidManifest.xml.

> Task :react-native-vector-icons:extractDeepLinksRelease

> Task :react-native-safe-area-context:processReleaseManifest
package="com.th3rdwave.safeareacontext" found in source AndroidManifest.xml: D:\hobby\wise_wallet\node_modules\react-native-safe-area-context\android\src\main\AndroidManifest.xml.
Setting the namespace via the package attribute in the source AndroidManifest.xml is no longer supported, and the value is ignored.
Recommendation: remove package="com.th3rdwave.safeareacontext" from the source AndroidManifest.xml: D:\hobby\wise_wallet\node_modules\react-native-safe-area-context\android\src\main\AndroidManifest.xml.

> Task :shopify_flash-list:extractDeepLinksRelease

> Task :react-native-screens:processReleaseManifest
package="com.swmansion.rnscreens" found in source AndroidManifest.xml: D:\hobby\wise_wallet\node_modules\react-native-screens\android\src\main\AndroidManifest.xml.
Setting the namespace via the package attribute in the source AndroidManifest.xml is no longer supported, and the value is ignored.
Recommendation: remove package="com.swmansion.rnscreens" from the source AndroidManifest.xml: D:\hobby\wise_wallet\node_modules\react-native-screens\android\src\main\AndroidManifest.xml.

> Task :react-native-svg:processReleaseManifest
package="com.horcrux.svg" found in source AndroidManifest.xml: D:\hobby\wise_wallet\node_modules\react-native-svg\android\src\main\AndroidManifest.xml.
Setting the namespace via the package attribute in the source AndroidManifest.xml is no longer supported, and the value is ignored.
Recommendation: remove package="com.horcrux.svg" from the source AndroidManifest.xml: D:\hobby\wise_wallet\node_modules\react-native-svg\android\src\main\AndroidManifest.xml.

> Task :expo:compileReleaseLibraryResources
> Task :expo-application:compileReleaseLibraryResources

> Task :react-native-vector-icons:processReleaseManifest
package="com.oblador.vectoricons" found in source AndroidManifest.xml: D:\hobby\wise_wallet\node_modules\react-native-vector-icons\android\src\main\AndroidManifest.xml.
Setting the namespace via the package attribute in the source AndroidManifest.xml is no longer supported, and the value is ignored.
Recommendation: remove package="com.oblador.vectoricons" from the source AndroidManifest.xml: D:\hobby\wise_wallet\node_modules\react-native-vector-icons\android\src\main\AndroidManifest.xml.

> Task :expo-asset:compileReleaseLibraryResources
> Task :expo:parseReleaseLocalResources
> Task :expo-application:parseReleaseLocalResources

> Task :shopify_flash-list:processReleaseManifest
package="com.shopify.reactnative.flash_list" found in source AndroidManifest.xml: D:\hobby\wise_wallet\node_modules\@shopify\flash-list\android\src\main\AndroidManifest.xml.
Setting the namespace via the package attribute in the source AndroidManifest.xml is no longer supported, and the value is ignored.
Recommendation: remove package="com.shopify.reactnative.flash_list" from the source AndroidManifest.xml: D:\hobby\wise_wallet\node_modules\@shopify\flash-list\android\src\main\AndroidManifest.xml.

> Task :expo-asset:parseReleaseLocalResources
> Task :expo:generateReleaseRFile

> Task :app:processReleaseMainManifest
D:\hobby\wise_wallet\android\app\src\main\AndroidManifest.xml Warning:
	provider#expo.modules.filesystem.FileSystemFileProvider@android:authorities was tagged at AndroidManifest.xml:0 to replace other declarations but no other declaration present

> Task :app:processReleaseManifest
> Task :app:processReleaseManifestForPackage
> Task :expo-constants:compileReleaseLibraryResources
> Task :expo-crypto:compileReleaseLibraryResources
> Task :expo-constants:parseReleaseLocalResources
> Task :expo-application:generateReleaseRFile
> Task :expo-crypto:parseReleaseLocalResources
> Task :expo-asset:generateReleaseRFile
> Task :expo-document-picker:compileReleaseLibraryResources
> Task :expo-constants:generateReleaseRFile
> Task :app:mergeReleaseResources
> Task :expo-document-picker:parseReleaseLocalResources
> Task :expo-file-system:compileReleaseLibraryResources
> Task :expo-font:compileReleaseLibraryResources
> Task :expo-file-system:parseReleaseLocalResources
> Task :expo-crypto:generateReleaseRFile
> Task :expo-font:parseReleaseLocalResources
> Task :expo-image:compileReleaseLibraryResources
> Task :expo-image-loader:compileReleaseLibraryResources
> Task :expo-image:parseReleaseLocalResources
> Task :expo-image-loader:parseReleaseLocalResources
> Task :expo-document-picker:generateReleaseRFile
> Task :expo-font:generateReleaseRFile
> Task :expo-image-picker:compileReleaseLibraryResources
> Task :expo-keep-awake:compileReleaseLibraryResources
> Task :expo-image-picker:parseReleaseLocalResources
> Task :expo-keep-awake:parseReleaseLocalResources
> Task :expo-linear-gradient:compileReleaseLibraryResources
> Task :expo-file-system:generateReleaseRFile
> Task :expo-image:generateReleaseRFile
> Task :expo-linear-gradient:parseReleaseLocalResources
> Task :expo-image-loader:generateReleaseRFile
> Task :expo-linking:compileReleaseLibraryResources
> Task :expo-modules-core:compileReleaseLibraryResources
> Task :expo-linking:parseReleaseLocalResources
> Task :expo-modules-core:parseReleaseLocalResources
> Task :expo-notifications:compileReleaseLibraryResources
> Task :expo-keep-awake:generateReleaseRFile
> Task :expo-image-picker:generateReleaseRFile
> Task :expo-linear-gradient:generateReleaseRFile
> Task :expo-print:compileReleaseLibraryResources
> Task :expo-notifications:parseReleaseLocalResources
> Task :expo-print:parseReleaseLocalResources
> Task :expo-linking:generateReleaseRFile
> Task :expo-modules-core:generateReleaseRFile
> Task :expo-secure-store:parseReleaseLocalResources
> Task :expo-secure-store:compileReleaseLibraryResources
> Task :expo-sqlite:compileReleaseLibraryResources
> Task :expo-sharing:compileReleaseLibraryResources
> Task :expo-sqlite:parseReleaseLocalResources
> Task :react-native-async-storage_async-storage:compileReleaseLibraryResources
> Task :expo-sharing:parseReleaseLocalResources
> Task :react-native-get-random-values:compileReleaseLibraryResources
> Task :expo-print:generateReleaseRFile
> Task :react-native-safe-area-context:compileReleaseLibraryResources
> Task :react-native-async-storage_async-storage:parseReleaseLocalResources
> Task :expo-notifications:generateReleaseRFile
> Task :react-native-get-random-values:parseReleaseLocalResources
> Task :react-native-safe-area-context:parseReleaseLocalResources
> Task :expo-secure-store:generateReleaseRFile
> Task :expo-sqlite:generateReleaseRFile
> Task :react-native-svg:compileReleaseLibraryResources
> Task :expo-sharing:generateReleaseRFile
> Task :react-native-async-storage_async-storage:generateReleaseRFile
> Task :react-native-svg:parseReleaseLocalResources
> Task :react-native-vector-icons:compileReleaseLibraryResources
> Task :react-native-vector-icons:parseReleaseLocalResources
> Task :react-native-screens:parseReleaseLocalResources
> Task :react-native-get-random-values:generateReleaseRFile
> Task :shopify_flash-list:compileReleaseLibraryResources
> Task :react-native-safe-area-context:generateReleaseRFile
> Task :expo:checkKotlinGradlePluginConfigurationErrors
> Task :shopify_flash-list:parseReleaseLocalResources
> Task :expo:generateReleaseBuildConfig
> Task :expo-application:checkKotlinGradlePluginConfigurationErrors
> Task :expo-application:generateReleaseBuildConfig
> Task :expo-modules-core:checkKotlinGradlePluginConfigurationErrors
> Task :expo-modules-core:generateReleaseBuildConfig
> Task :react-native-svg:generateReleaseRFile
> Task :react-native-vector-icons:generateReleaseRFile
> Task :shopify_flash-list:generateReleaseRFile
> Task :react-native-screens:generateReleaseRFile
> Task :react-native-screens:compileReleaseLibraryResources
> Task :expo-asset:checkKotlinGradlePluginConfigurationErrors
> Task :expo-asset:generateReleaseBuildConfig
> Task :expo-modules-core:javaPreCompileRelease
> Task :expo-application:javaPreCompileRelease
> Task :expo-constants:checkKotlinGradlePluginConfigurationErrors
> Task :expo-asset:javaPreCompileRelease
> Task :expo-constants:generateReleaseBuildConfig
> Task :expo-crypto:checkKotlinGradlePluginConfigurationErrors
> Task :expo-constants:javaPreCompileRelease
> Task :expo-crypto:generateReleaseBuildConfig
> Task :expo-document-picker:checkKotlinGradlePluginConfigurationErrors
> Task :expo-crypto:javaPreCompileRelease
> Task :expo-document-picker:generateReleaseBuildConfig
> Task :expo-file-system:checkKotlinGradlePluginConfigurationErrors
> Task :expo-document-picker:javaPreCompileRelease
> Task :expo-file-system:generateReleaseBuildConfig
> Task :expo-font:checkKotlinGradlePluginConfigurationErrors
> Task :expo-file-system:javaPreCompileRelease
> Task :expo-font:generateReleaseBuildConfig
> Task :expo-image:checkKotlinGradlePluginConfigurationErrors
> Task :expo-font:javaPreCompileRelease
> Task :expo-image:generateReleaseBuildConfig
> Task :expo-image-loader:checkKotlinGradlePluginConfigurationErrors
> Task :expo-image-loader:generateReleaseBuildConfig
> Task :expo-image-picker:checkKotlinGradlePluginConfigurationErrors
> Task :expo-image-loader:javaPreCompileRelease
> Task :expo-image:javaPreCompileRelease
> Task :expo-image-picker:generateReleaseBuildConfig
> Task :expo-keep-awake:checkKotlinGradlePluginConfigurationErrors
> Task :expo-image-picker:javaPreCompileRelease
> Task :expo-keep-awake:generateReleaseBuildConfig
> Task :expo-linear-gradient:checkKotlinGradlePluginConfigurationErrors
> Task :expo-keep-awake:javaPreCompileRelease
> Task :expo-linear-gradient:generateReleaseBuildConfig
> Task :expo-linking:checkKotlinGradlePluginConfigurationErrors
> Task :expo-linear-gradient:javaPreCompileRelease
> Task :expo-linking:generateReleaseBuildConfig
> Task :expo-notifications:checkKotlinGradlePluginConfigurationErrors
> Task :expo-linking:javaPreCompileRelease
> Task :expo-notifications:generateReleaseBuildConfig
> Task :expo-print:checkKotlinGradlePluginConfigurationErrors
> Task :expo-notifications:javaPreCompileRelease
> Task :expo-print:generateReleaseBuildConfig
> Task :expo-secure-store:checkKotlinGradlePluginConfigurationErrors
> Task :expo-print:javaPreCompileRelease
> Task :expo-secure-store:generateReleaseBuildConfig
> Task :expo-sharing:checkKotlinGradlePluginConfigurationErrors
> Task :expo-secure-store:javaPreCompileRelease
> Task :expo-sharing:generateReleaseBuildConfig
> Task :expo-sqlite:checkKotlinGradlePluginConfigurationErrors
> Task :expo-sharing:javaPreCompileRelease
> Task :expo-sqlite:generateReleaseBuildConfig
> Task :expo-sqlite:javaPreCompileRelease
> Task :expo:javaPreCompileRelease
> Task :react-native-async-storage_async-storage:generateReleaseBuildConfig
> Task :react-native-async-storage_async-storage:javaPreCompileRelease
> Task :react-native-get-random-values:generateReleaseBuildConfig
> Task :app:processReleaseResources

> Task :react-native-async-storage_async-storage:compileReleaseJavaWithJavac
D:\hobby\wise_wallet\node_modules\@react-native-async-storage\async-storage\android\src\main\java\com\reactnativecommunity\asyncstorage\AsyncStorageModule.java:84: warning: [removal] onCatalystInstanceDestroy() in NativeModule has been deprecated and marked for removal
  public void onCatalystInstanceDestroy() {
              ^
Note: Some input files use or override a deprecated API.
Note: Recompile with -Xlint:deprecation for details.
Note: D:\hobby\wise_wallet\node_modules\@react-native-async-storage\async-storage\android\src\javaPackage\java\com\reactnativecommunity\asyncstorage\AsyncStoragePackage.java uses unchecked or unsafe operations.
Note: Recompile with -Xlint:unchecked for details.
1 warning

> Task :react-native-safe-area-context:checkKotlinGradlePluginConfigurationErrors
> Task :react-native-get-random-values:javaPreCompileRelease
> Task :react-native-safe-area-context:generateReleaseBuildConfig
> Task :react-native-async-storage_async-storage:bundleLibCompileToJarRelease
> Task :react-native-get-random-values:compileReleaseJavaWithJavac
> Task :react-native-get-random-values:bundleLibCompileToJarRelease
> Task :react-native-screens:checkKotlinGradlePluginConfigurationErrors
> Task :react-native-safe-area-context:javaPreCompileRelease
> Task :react-native-screens:generateReleaseBuildConfig
> Task :react-native-screens:javaPreCompileRelease
> Task :react-native-svg:generateReleaseBuildConfig
> Task :react-native-svg:javaPreCompileRelease
> Task :react-native-vector-icons:generateReleaseBuildConfig

> Task :react-native-svg:compileReleaseJavaWithJavac
D:\hobby\wise_wallet\node_modules\react-native-svg\android\src\main\java\com\horcrux\svg\RenderableViewManager.java:388: warning: [removal] processTransform(ReadableArray,double[]) in TransformHelper has been deprecated and marked for removal
    TransformHelper.processTransform(transforms, sTransformDecompositionArray);
                   ^
Note: Some input files use or override a deprecated API.
Note: Recompile with -Xlint:deprecation for details.
Note: Some input files use unchecked or unsafe operations.
Note: Recompile with -Xlint:unchecked for details.
1 warning

> Task :shopify_flash-list:checkKotlinGradlePluginConfigurationErrors
> Task :react-native-vector-icons:javaPreCompileRelease
> Task :shopify_flash-list:generateReleaseBuildConfig
> Task :react-native-svg:bundleLibCompileToJarRelease

> Task :react-native-vector-icons:compileReleaseJavaWithJavac
Note: Some input files use or override a deprecated API.
Note: Recompile with -Xlint:deprecation for details.

> Task :react-native-vector-icons:bundleLibCompileToJarRelease
> Task :shopify_flash-list:javaPreCompileRelease
> Task :app:buildKotlinToolingMetadata
> Task :app:javaPreCompileRelease
> Task :app:extractProguardFiles
> Task :expo:extractProguardFiles
> Task :expo-application:extractProguardFiles
> Task :expo-modules-core:extractProguardFiles
> Task :expo-application:prepareLintJarForPublish
> Task :expo-modules-core:prepareLintJarForPublish
> Task :expo-asset:extractProguardFiles
> Task :expo-asset:prepareLintJarForPublish
> Task :expo-constants:extractProguardFiles
> Task :expo-constants:prepareLintJarForPublish
> Task :expo-crypto:extractProguardFiles
> Task :expo-crypto:prepareLintJarForPublish
> Task :expo-document-picker:extractProguardFiles
> Task :expo-document-picker:prepareLintJarForPublish
> Task :expo-file-system:extractProguardFiles
> Task :expo-file-system:prepareLintJarForPublish
> Task :expo-font:extractProguardFiles
> Task :expo-font:prepareLintJarForPublish
> Task :expo-image:extractProguardFiles
> Task :expo-image:prepareLintJarForPublish
> Task :expo-image-loader:extractProguardFiles
> Task :expo-image-loader:prepareLintJarForPublish
> Task :expo-image-picker:extractProguardFiles
> Task :expo-image-picker:prepareLintJarForPublish
> Task :expo-keep-awake:extractProguardFiles
> Task :expo-keep-awake:prepareLintJarForPublish
> Task :expo-linear-gradient:extractProguardFiles
> Task :expo-linear-gradient:prepareLintJarForPublish
> Task :expo-linking:extractProguardFiles
> Task :expo-linking:prepareLintJarForPublish
> Task :expo-notifications:extractProguardFiles
> Task :expo-notifications:prepareLintJarForPublish
> Task :expo-print:extractProguardFiles
> Task :expo-print:prepareLintJarForPublish
> Task :expo-secure-store:extractProguardFiles
> Task :expo-secure-store:prepareLintJarForPublish
> Task :expo-sharing:extractProguardFiles
> Task :expo-sharing:prepareLintJarForPublish
> Task :expo-sqlite:extractProguardFiles
> Task :expo-sqlite:prepareLintJarForPublish
> Task :expo:prepareLintJarForPublish
> Task :react-native-async-storage_async-storage:processReleaseJavaRes NO-SOURCE
> Task :react-native-async-storage_async-storage:extractProguardFiles
> Task :react-native-async-storage_async-storage:bundleLibRuntimeToJarRelease
> Task :react-native-async-storage_async-storage:generateReleaseLintModel
> Task :react-native-async-storage_async-storage:createFullJarRelease
> Task :react-native-async-storage_async-storage:prepareLintJarForPublish
> Task :react-native-get-random-values:processReleaseJavaRes NO-SOURCE
> Task :react-native-get-random-values:extractProguardFiles
> Task :react-native-get-random-values:bundleLibRuntimeToJarRelease
> Task :react-native-get-random-values:generateReleaseLintModel
> Task :react-native-get-random-values:createFullJarRelease
> Task :react-native-get-random-values:prepareLintJarForPublish
> Task :react-native-safe-area-context:extractProguardFiles
> Task :react-native-safe-area-context:prepareLintJarForPublish
> Task :react-native-screens:extractProguardFiles
> Task :react-native-screens:prepareLintJarForPublish
> Task :react-native-svg:processReleaseJavaRes NO-SOURCE
> Task :react-native-svg:extractProguardFiles
> Task :react-native-svg:generateReleaseLintModel
> Task :react-native-svg:prepareLintJarForPublish
> Task :react-native-vector-icons:processReleaseJavaRes NO-SOURCE
> Task :react-native-vector-icons:extractProguardFiles
> Task :react-native-vector-icons:bundleLibRuntimeToJarRelease
> Task :react-native-vector-icons:generateReleaseLintModel
> Task :react-native-svg:bundleLibRuntimeToJarRelease
> Task :react-native-vector-icons:createFullJarRelease
> Task :react-native-svg:createFullJarRelease
> Task :react-native-vector-icons:prepareLintJarForPublish
> Task :shopify_flash-list:extractProguardFiles
> Task :shopify_flash-list:prepareLintJarForPublish
> Task :expo:mergeReleaseJniLibFolders
> Task :expo:mergeReleaseNativeLibs NO-SOURCE
> Task :expo:stripReleaseDebugSymbols NO-SOURCE
> Task :expo:extractDeepLinksForAarRelease
> Task :expo:copyReleaseJniLibsProjectAndLocalJars
> Task :expo:mergeReleaseShaders
> Task :expo:compileReleaseShaders NO-SOURCE
> Task :expo:generateReleaseAssets UP-TO-DATE
> Task :expo:packageReleaseAssets
> Task :expo:prepareReleaseArtProfile
> Task :react-native-safe-area-context:mergeReleaseJniLibFolders
> Task :react-native-safe-area-context:mergeReleaseNativeLibs NO-SOURCE
> Task :react-native-safe-area-context:stripReleaseDebugSymbols NO-SOURCE
> Task :react-native-safe-area-context:copyReleaseJniLibsProjectAndLocalJars
> Task :react-native-safe-area-context:extractDeepLinksForAarRelease
> Task :react-native-safe-area-context:mergeReleaseShaders
> Task :react-native-safe-area-context:compileReleaseShaders NO-SOURCE
> Task :react-native-safe-area-context:generateReleaseAssets UP-TO-DATE
> Task :react-native-safe-area-context:packageReleaseAssets
> Task :react-native-safe-area-context:prepareReleaseArtProfile

> Task :react-native-screens:configureCMakeRelWithDebInfo[arm64-v8a]
[CXX5304] This version only understands SDK XML versions up to 3 but an SDK XML file of version 4 was encountered. This can happen if you use versions of Android Studio and the command-line tools that were released at different times.
[CXX5304] This version only understands SDK XML versions up to 3 but an SDK XML file of version 4 was encountered. This can happen if you use versions of Android Studio and the command-line tools that were released at different times.

> Task :react-native-safe-area-context:compileReleaseKotlin
w: file:///D:/hobby/wise_wallet/node_modules/react-native-safe-area-context/android/src/main/java/com/th3rdwave/safeareacontext/SafeAreaContextPackage.kt:27:11 'constructor ReactModuleInfo(String, String, Boolean, Boolean, Boolean, Boolean, Boolean)' is deprecated. use ReactModuleInfo(String, String, boolean, boolean, boolean, boolean)]
w: file:///D:/hobby/wise_wallet/node_modules/react-native-safe-area-context/android/src/main/java/com/th3rdwave/safeareacontext/SafeAreaContextPackage.kt:33:27 'getter for hasConstants: Boolean' is deprecated. This property is unused and it's planning to be removed in a future version of
        React Native. Please refrain from using it.
w: file:///D:/hobby/wise_wallet/node_modules/react-native-safe-area-context/android/src/main/java/com/th3rdwave/safeareacontext/SafeAreaView.kt:59:23 'getter for uiImplementation: UIImplementation!' is deprecated. Deprecated in Java

> Task :shopify_flash-list:compileReleaseKotlin
w: file:///D:/hobby/wise_wallet/node_modules/@shopify/flash-list/android/src/main/kotlin/com/shopify/reactnative/flash_list/AutoLayoutShadow.kt:87:13 Name shadowed: actualScrollOffset
w: file:///D:/hobby/wise_wallet/node_modules/@shopify/flash-list/android/src/main/kotlin/com/shopify/reactnative/flash_list/AutoLayoutView.kt:16:44 'RCTEventEmitter' is deprecated. Deprecated in Java

> Task :react-native-screens:compileReleaseKotlin
w: file:///D:/hobby/wise_wallet/node_modules/react-native-screens/android/src/main/java/com/swmansion/rnscreens/CustomToolbar.kt:19:53 'FrameCallback' is deprecated. Use Choreographer.FrameCallback instead
w: file:///D:/hobby/wise_wallet/node_modules/react-native-screens/android/src/main/java/com/swmansion/rnscreens/CustomToolbar.kt:20:38 'FrameCallback' is deprecated. Use Choreographer.FrameCallback instead
w: file:///D:/hobby/wise_wallet/node_modules/react-native-screens/android/src/main/java/com/swmansion/rnscreens/RNScreensPackage.kt:64:17 'constructor ReactModuleInfo(String, String, Boolean, Boolean, Boolean, Boolean, Boolean)' is deprecated. use ReactModuleInfo(String, String, boolean, boolean, boolean, boolean)]
w: file:///D:/hobby/wise_wallet/node_modules/react-native-screens/android/src/main/java/com/swmansion/rnscreens/Screen.kt:45:77 Unchecked cast: CoordinatorLayout.Behavior<(raw) View!>? to BottomSheetBehavior<Screen>
w: file:///D:/hobby/wise_wallet/node_modules/react-native-screens/android/src/main/java/com/swmansion/rnscreens/ScreenContainer.kt:33:53 'FrameCallback' is deprecated. Use Choreographer.FrameCallback instead
w: file:///D:/hobby/wise_wallet/node_modules/react-native-screens/android/src/main/java/com/swmansion/rnscreens/ScreenContainer.kt:34:38 'FrameCallback' is deprecated. Use Choreographer.FrameCallback instead
w: file:///D:/hobby/wise_wallet/node_modules/react-native-screens/android/src/main/java/com/swmansion/rnscreens/ScreenFooter.kt:252:9 Parameter 'changed' is never used
w: file:///D:/hobby/wise_wallet/node_modules/react-native-screens/android/src/main/java/com/swmansion/rnscreens/ScreenFooter.kt:253:9 Parameter 'left' is never used
w: file:///D:/hobby/wise_wallet/node_modules/react-native-screens/android/src/main/java/com/swmansion/rnscreens/ScreenFooter.kt:254:9 Parameter 'top' is never used
w: file:///D:/hobby/wise_wallet/node_modules/react-native-screens/android/src/main/java/com/swmansion/rnscreens/ScreenFooter.kt:255:9 Parameter 'right' is never used
w: file:///D:/hobby/wise_wallet/node_modules/react-native-screens/android/src/main/java/com/swmansion/rnscreens/ScreenFooter.kt:256:9 Parameter 'bottom' is never used
w: file:///D:/hobby/wise_wallet/node_modules/react-native-screens/android/src/main/java/com/swmansion/rnscreens/ScreenStackFragment.kt:257:31 'setter for targetElevation: Float' is deprecated. Deprecated in Java
w: file:///D:/hobby/wise_wallet/node_modules/react-native-screens/android/src/main/java/com/swmansion/rnscreens/ScreenStackFragment.kt:260:13 'setHasOptionsMenu(Boolean): Unit' is deprecated. Deprecated in Java
w: file:///D:/hobby/wise_wallet/node_modules/react-native-screens/android/src/main/java/com/swmansion/rnscreens/ScreenStackFragment.kt:496:22 'onPrepareOptionsMenu(Menu): Unit' is deprecated. Deprecated in Java
w: file:///D:/hobby/wise_wallet/node_modules/react-native-screens/android/src/main/java/com/swmansion/rnscreens/ScreenStackFragment.kt:504:22 'onCreateOptionsMenu(Menu, MenuInflater): Unit' is deprecated. Deprecated in Java
w: file:///D:/hobby/wise_wallet/node_modules/react-native-screens/android/src/main/java/com/swmansion/rnscreens/ScreenStackHeaderConfig.kt:100:38 'getter for systemWindowInsetTop: Int' is deprecated. Deprecated in Java
w: file:///D:/hobby/wise_wallet/node_modules/react-native-screens/android/src/main/java/com/swmansion/rnscreens/ScreenStackHeaderConfigViewManager.kt:7:34 'MapBuilder' is deprecated. Deprecated in Java
w: file:///D:/hobby/wise_wallet/node_modules/react-native-screens/android/src/main/java/com/swmansion/rnscreens/ScreenStackHeaderConfigViewManager.kt:209:9 'MapBuilder' is deprecated. Deprecated in Java
w: file:///D:/hobby/wise_wallet/node_modules/react-native-screens/android/src/main/java/com/swmansion/rnscreens/ScreenStackHeaderConfigViewManager.kt:211:13 'MapBuilder' is deprecated. Deprecated in Java
w: file:///D:/hobby/wise_wallet/node_modules/react-native-screens/android/src/main/java/com/swmansion/rnscreens/ScreenStackHeaderConfigViewManager.kt:213:13 'MapBuilder' is deprecated. Deprecated in Java
w: file:///D:/hobby/wise_wallet/node_modules/react-native-screens/android/src/main/java/com/swmansion/rnscreens/ScreenViewManager.kt:7:34 'MapBuilder' is deprecated. Deprecated in Java
w: file:///D:/hobby/wise_wallet/node_modules/react-native-screens/android/src/main/java/com/swmansion/rnscreens/ScreenViewManager.kt:375:48 'MapBuilder' is deprecated. Deprecated in Java
w: file:///D:/hobby/wise_wallet/node_modules/react-native-screens/android/src/main/java/com/swmansion/rnscreens/ScreenViewManager.kt:376:49 'MapBuilder' is deprecated. Deprecated in Java
w: file:///D:/hobby/wise_wallet/node_modules/react-native-screens/android/src/main/java/com/swmansion/rnscreens/ScreenViewManager.kt:377:45 'MapBuilder' is deprecated. Deprecated in Java
w: file:///D:/hobby/wise_wallet/node_modules/react-native-screens/android/src/main/java/com/swmansion/rnscreens/ScreenViewManager.kt:378:52 'MapBuilder' is deprecated. Deprecated in Java
w: file:///D:/hobby/wise_wallet/node_modules/react-native-screens/android/src/main/java/com/swmansion/rnscreens/ScreenViewManager.kt:379:48 'MapBuilder' is deprecated. Deprecated in Java
w: file:///D:/hobby/wise_wallet/node_modules/react-native-screens/android/src/main/java/com/swmansion/rnscreens/ScreenViewManager.kt:380:51 'MapBuilder' is deprecated. Deprecated in Java
w: file:///D:/hobby/wise_wallet/node_modules/react-native-screens/android/src/main/java/com/swmansion/rnscreens/ScreenViewManager.kt:381:56 'MapBuilder' is deprecated. Deprecated in Java
w: file:///D:/hobby/wise_wallet/node_modules/react-native-screens/android/src/main/java/com/swmansion/rnscreens/ScreenViewManager.kt:382:57 'MapBuilder' is deprecated. Deprecated in Java
w: file:///D:/hobby/wise_wallet/node_modules/react-native-screens/android/src/main/java/com/swmansion/rnscreens/ScreenViewManager.kt:383:51 'MapBuilder' is deprecated. Deprecated in Java
w: file:///D:/hobby/wise_wallet/node_modules/react-native-screens/android/src/main/java/com/swmansion/rnscreens/ScreenWindowTraits.kt:55:42 'replaceSystemWindowInsets(Int, Int, Int, Int): WindowInsetsCompat' is deprecated. Deprecated in Java
w: file:///D:/hobby/wise_wallet/node_modules/react-native-screens/android/src/main/java/com/swmansion/rnscreens/ScreenWindowTraits.kt:56:39 'getter for systemWindowInsetLeft: Int' is deprecated. Deprecated in Java
w: file:///D:/hobby/wise_wallet/node_modules/react-native-screens/android/src/main/java/com/swmansion/rnscreens/ScreenWindowTraits.kt:58:39 'getter for systemWindowInsetRight: Int' is deprecated. Deprecated in Java
w: file:///D:/hobby/wise_wallet/node_modules/react-native-screens/android/src/main/java/com/swmansion/rnscreens/ScreenWindowTraits.kt:59:39 'getter for systemWindowInsetBottom: Int' is deprecated. Deprecated in Java
w: file:///D:/hobby/wise_wallet/node_modules/react-native-screens/android/src/main/java/com/swmansion/rnscreens/ScreenWindowTraits.kt:98:53 'getter for statusBarColor: Int' is deprecated. Deprecated in Java
w: file:///D:/hobby/wise_wallet/node_modules/react-native-screens/android/src/main/java/com/swmansion/rnscreens/ScreenWindowTraits.kt:109:48 'getter for statusBarColor: Int' is deprecated. Deprecated in Java
w: file:///D:/hobby/wise_wallet/node_modules/react-native-screens/android/src/main/java/com/swmansion/rnscreens/ScreenWindowTraits.kt:112:32 'setter for statusBarColor: Int' is deprecated. Deprecated in Java
w: file:///D:/hobby/wise_wallet/node_modules/react-native-screens/android/src/main/java/com/swmansion/rnscreens/ScreenWindowTraits.kt:208:72 'getter for navigationBarColor: Int' is deprecated. Deprecated in Java
w: file:///D:/hobby/wise_wallet/node_modules/react-native-screens/android/src/main/java/com/swmansion/rnscreens/ScreenWindowTraits.kt:214:16 'setter for navigationBarColor: Int' is deprecated. Deprecated in Java
w: file:///D:/hobby/wise_wallet/node_modules/react-native-screens/android/src/main/java/com/swmansion/rnscreens/SearchBarManager.kt:5:34 'MapBuilder' is deprecated. Deprecated in Java
w: file:///D:/hobby/wise_wallet/node_modules/react-native-screens/android/src/main/java/com/swmansion/rnscreens/SearchBarManager.kt:138:66 Elvis operator (?:) always returns the left operand of non-nullable type Boolean
w: file:///D:/hobby/wise_wallet/node_modules/react-native-screens/android/src/main/java/com/swmansion/rnscreens/SearchBarManager.kt:142:9 'MapBuilder' is deprecated. Deprecated in Java
w: file:///D:/hobby/wise_wallet/node_modules/react-native-screens/android/src/main/java/com/swmansion/rnscreens/SearchBarManager.kt:144:13 'MapBuilder' is deprecated. Deprecated in Java
w: file:///D:/hobby/wise_wallet/node_modules/react-native-screens/android/src/main/java/com/swmansion/rnscreens/SearchBarManager.kt:146:13 'MapBuilder' is deprecated. Deprecated in Java
w: file:///D:/hobby/wise_wallet/node_modules/react-native-screens/android/src/main/java/com/swmansion/rnscreens/SearchBarManager.kt:148:13 'MapBuilder' is deprecated. Deprecated in Java
w: file:///D:/hobby/wise_wallet/node_modules/react-native-screens/android/src/main/java/com/swmansion/rnscreens/SearchBarManager.kt:150:13 'MapBuilder' is deprecated. Deprecated in Java
w: file:///D:/hobby/wise_wallet/node_modules/react-native-screens/android/src/main/java/com/swmansion/rnscreens/SearchBarManager.kt:152:13 'MapBuilder' is deprecated. Deprecated in Java
w: file:///D:/hobby/wise_wallet/node_modules/react-native-screens/android/src/main/java/com/swmansion/rnscreens/SearchBarManager.kt:154:13 'MapBuilder' is deprecated. Deprecated in Java
w: file:///D:/hobby/wise_wallet/node_modules/react-native-screens/android/src/main/java/com/swmansion/rnscreens/SearchBarView.kt:153:43 Parameter 'flag' is never used
w: file:///D:/hobby/wise_wallet/node_modules/react-native-screens/android/src/main/java/com/swmansion/rnscreens/bottomsheet/BottomSheetDialogRootView.kt:7:34 'ReactFeatureFlags' is deprecated. Deprecated in Java
w: file:///D:/hobby/wise_wallet/node_modules/react-native-screens/android/src/main/java/com/swmansion/rnscreens/bottomsheet/BottomSheetDialogRootView.kt:25:13 'ReactFeatureFlags' is deprecated. Deprecated in Java

> Task :react-native-screens:buildCMakeRelWithDebInfo[arm64-v8a]
> Task :expo-modules-core:compileReleaseKotlin
> Task :react-native-safe-area-context:compileReleaseJavaWithJavac
> Task :react-native-safe-area-context:bundleLibCompileToJarRelease
> Task :react-native-screens:compileReleaseJavaWithJavac
> Task :react-native-screens:bundleLibCompileToJarRelease
> Task :shopify_flash-list:compileReleaseJavaWithJavac
> Task :react-native-safe-area-context:bundleLibRuntimeToJarRelease
> Task :react-native-safe-area-context:processReleaseJavaRes
> Task :react-native-safe-area-context:createFullJarRelease
> Task :react-native-safe-area-context:generateReleaseLintModel
> Task :react-native-screens:processReleaseJavaRes
> Task :shopify_flash-list:bundleLibCompileToJarRelease
> Task :react-native-screens:generateReleaseLintModel
> Task :shopify_flash-list:processReleaseJavaRes
> Task :shopify_flash-list:generateReleaseLintModel
> Task :react-native-safe-area-context:extractReleaseAnnotations
> Task :react-native-safe-area-context:mergeReleaseGeneratedProguardFiles
> Task :react-native-safe-area-context:mergeReleaseConsumerProguardFiles
> Task :react-native-screens:bundleLibRuntimeToJarRelease
> Task :react-native-screens:createFullJarRelease
> Task :shopify_flash-list:bundleLibRuntimeToJarRelease
> Task :react-native-screens:configureCMakeRelWithDebInfo[armeabi-v7a]
> Task :react-native-safe-area-context:mergeReleaseJavaResource
> Task :shopify_flash-list:createFullJarRelease
> Task :react-native-safe-area-context:syncReleaseLibJars
> Task :react-native-safe-area-context:bundleReleaseLocalLintAar
> Task :react-native-screens:buildCMakeRelWithDebInfo[armeabi-v7a]
> Task :react-native-screens:configureCMakeRelWithDebInfo[x86]
> Task :react-native-screens:buildCMakeRelWithDebInfo[x86]
> Task :react-native-screens:configureCMakeRelWithDebInfo[x86_64]
> Task :react-native-screens:buildCMakeRelWithDebInfo[x86_64]
> Task :react-native-screens:mergeReleaseJniLibFolders
> Task :react-native-screens:extractDeepLinksForAarRelease
> Task :react-native-screens:extractReleaseAnnotations
> Task :react-native-screens:mergeReleaseGeneratedProguardFiles
> Task :react-native-screens:mergeReleaseConsumerProguardFiles
> Task :react-native-screens:mergeReleaseShaders
> Task :react-native-screens:compileReleaseShaders NO-SOURCE
> Task :react-native-screens:generateReleaseAssets UP-TO-DATE
> Task :react-native-screens:packageReleaseAssets
> Task :expo-modules-core:compileReleaseJavaWithJavac
> Task :expo-modules-core:processReleaseJavaRes
> Task :expo-modules-core:generateReleaseLintModel
> Task :react-native-screens:prepareReleaseArtProfile
> Task :react-native-async-storage_async-storage:mergeReleaseJniLibFolders
> Task :react-native-async-storage_async-storage:mergeReleaseNativeLibs NO-SOURCE
> Task :react-native-async-storage_async-storage:stripReleaseDebugSymbols NO-SOURCE
> Task :react-native-async-storage_async-storage:copyReleaseJniLibsProjectAndLocalJars
> Task :react-native-async-storage_async-storage:extractDeepLinksForAarRelease
> Task :react-native-screens:mergeReleaseJavaResource
> Task :react-native-async-storage_async-storage:extractReleaseAnnotations
> Task :react-native-screens:syncReleaseLibJars
> Task :react-native-async-storage_async-storage:mergeReleaseGeneratedProguardFiles
> Task :react-native-async-storage_async-storage:mergeReleaseConsumerProguardFiles
> Task :react-native-async-storage_async-storage:mergeReleaseShaders
> Task :react-native-async-storage_async-storage:compileReleaseShaders NO-SOURCE
> Task :react-native-async-storage_async-storage:generateReleaseAssets UP-TO-DATE
> Task :react-native-async-storage_async-storage:packageReleaseAssets
> Task :react-native-async-storage_async-storage:prepareReleaseArtProfile
> Task :react-native-get-random-values:mergeReleaseJniLibFolders
> Task :react-native-async-storage_async-storage:mergeReleaseJavaResource
> Task :react-native-get-random-values:mergeReleaseNativeLibs NO-SOURCE
> Task :react-native-async-storage_async-storage:syncReleaseLibJars
> Task :react-native-async-storage_async-storage:bundleReleaseLocalLintAar
> Task :react-native-get-random-values:stripReleaseDebugSymbols NO-SOURCE
> Task :react-native-get-random-values:copyReleaseJniLibsProjectAndLocalJars
> Task :react-native-get-random-values:extractDeepLinksForAarRelease
> Task :react-native-get-random-values:extractReleaseAnnotations
> Task :react-native-get-random-values:mergeReleaseGeneratedProguardFiles
> Task :react-native-get-random-values:mergeReleaseConsumerProguardFiles
> Task :react-native-get-random-values:mergeReleaseShaders
> Task :react-native-get-random-values:compileReleaseShaders NO-SOURCE
> Task :react-native-get-random-values:generateReleaseAssets UP-TO-DATE
> Task :react-native-get-random-values:packageReleaseAssets
> Task :expo-modules-core:bundleLibRuntimeToJarRelease
> Task :expo-modules-core:bundleLibCompileToJarRelease
> Task :react-native-get-random-values:prepareReleaseArtProfile
> Task :react-native-screens:mergeReleaseNativeLibs
> Task :expo-application:compileReleaseKotlin
> Task :expo-constants:compileReleaseKotlin
> Task :expo-application:compileReleaseJavaWithJavac
> Task :expo-application:bundleLibCompileToJarRelease
> Task :expo-crypto:compileReleaseKotlin
> Task :expo-constants:compileReleaseJavaWithJavac
> Task :expo-constants:bundleLibCompileToJarRelease
> Task :expo-document-picker:compileReleaseKotlin
> Task :expo-crypto:compileReleaseJavaWithJavac
> Task :expo-asset:compileReleaseKotlin
> Task :expo-crypto:bundleLibCompileToJarRelease
> Task :expo-document-picker:compileReleaseJavaWithJavac
> Task :expo-font:compileReleaseKotlin
> Task :expo-asset:compileReleaseJavaWithJavac
> Task :expo-document-picker:bundleLibCompileToJarRelease
> Task :expo-image-loader:compileReleaseKotlin
> Task :expo-asset:bundleLibCompileToJarRelease
> Task :expo-font:compileReleaseJavaWithJavac
> Task :expo-font:bundleLibCompileToJarRelease
> Task :expo-image-loader:compileReleaseJavaWithJavac
> Task :expo-image-loader:bundleLibCompileToJarRelease
> Task :expo-application:processReleaseJavaRes
> Task :expo-application:bundleLibRuntimeToJarRelease
> Task :expo-modules-core:createFullJarRelease
> Task :expo-application:createFullJarRelease
> Task :expo-linking:compileReleaseKotlin
> Task :expo-application:generateReleaseLintModel
> Task :expo-keep-awake:compileReleaseKotlin
> Task :expo-linear-gradient:compileReleaseKotlin
> Task :expo-linking:compileReleaseJavaWithJavac
> Task :expo-keep-awake:compileReleaseJavaWithJavac
> Task :expo-keep-awake:bundleLibCompileToJarRelease
> Task :expo-linear-gradient:compileReleaseJavaWithJavac
> Task :expo-asset:processReleaseJavaRes
> Task :expo-linear-gradient:bundleLibCompileToJarRelease
> Task :expo-asset:generateReleaseLintModel
> Task :expo-linking:bundleLibCompileToJarRelease
> Task :expo-constants:processReleaseJavaRes
> Task :expo-asset:bundleLibRuntimeToJarRelease
> Task :expo-constants:generateReleaseLintModel
> Task :expo-constants:bundleLibRuntimeToJarRelease
> Task :expo-asset:createFullJarRelease
> Task :expo-sharing:compileReleaseKotlin
> Task :expo-constants:createFullJarRelease
> Task :expo-sharing:compileReleaseJavaWithJavac
> Task :expo-crypto:processReleaseJavaRes
> Task :expo-crypto:bundleLibRuntimeToJarRelease
> Task :expo-crypto:generateReleaseLintModel
> Task :expo-crypto:createFullJarRelease
> Task :expo-document-picker:processReleaseJavaRes
> Task :expo-document-picker:bundleLibRuntimeToJarRelease
> Task :expo-document-picker:generateReleaseLintModel
> Task :expo-sharing:bundleLibCompileToJarRelease
> Task :expo-document-picker:createFullJarRelease
> Task :expo-font:processReleaseJavaRes
> Task :expo-font:generateReleaseLintModel
> Task :expo-image-loader:processReleaseJavaRes
> Task :expo-image-loader:generateReleaseLintModel
> Task :expo-keep-awake:processReleaseJavaRes
> Task :expo-font:bundleLibRuntimeToJarRelease
> Task :expo-keep-awake:generateReleaseLintModel
> Task :expo-image-loader:bundleLibRuntimeToJarRelease

> Task :expo-print:compileReleaseKotlin
w: file:///D:/hobby/wise_wallet/node_modules/expo-print/android/src/main/java/expo/modules/print/PrintPDFRenderTask.kt:82:18 This declaration overrides deprecated member but not marked as deprecated itself. Please add @Deprecated annotation or suppress. See https://youtrack.jetbrains.com/issue/KT-47902 for details

> Task :expo-font:createFullJarRelease
> Task :expo-keep-awake:bundleLibRuntimeToJarRelease
> Task :expo-image-loader:createFullJarRelease
> Task :expo-keep-awake:createFullJarRelease
> Task :expo-linear-gradient:processReleaseJavaRes
> Task :expo-linear-gradient:bundleLibRuntimeToJarRelease
> Task :expo-linear-gradient:generateReleaseLintModel
> Task :expo-linear-gradient:createFullJarRelease
> Task :expo-linking:processReleaseJavaRes
> Task :expo-linking:generateReleaseLintModel
> Task :expo-sharing:processReleaseJavaRes
> Task :expo-linking:bundleLibRuntimeToJarRelease
> Task :expo-sharing:generateReleaseLintModel
> Task :expo-sharing:bundleLibRuntimeToJarRelease
> Task :expo-linking:createFullJarRelease
> Task :expo-print:compileReleaseJavaWithJavac
> Task :expo-print:processReleaseJavaRes
> Task :expo-print:bundleLibCompileToJarRelease
> Task :expo-print:bundleLibRuntimeToJarRelease
> Task :expo-print:generateReleaseLintModel
> Task :expo-print:createFullJarRelease
> Task :expo-sharing:createFullJarRelease
> Task :react-native-get-random-values:mergeReleaseJavaResource

> Task :expo-secure-store:compileReleaseKotlin
w: file:///D:/hobby/wise_wallet/node_modules/expo-secure-store/android/src/main/java/expo/modules/securestore/SecureStoreModule.kt:5:27 'PreferenceManager' is deprecated. Deprecated in Java
w: file:///D:/hobby/wise_wallet/node_modules/expo-secure-store/android/src/main/java/expo/modules/securestore/SecureStoreModule.kt:110:9 Variable 'legacyReadFailedWarning' is never used
w: file:///D:/hobby/wise_wallet/node_modules/expo-secure-store/android/src/main/java/expo/modules/securestore/SecureStoreModule.kt:247:23 'PreferenceManager' is deprecated. Deprecated in Java
w: file:///D:/hobby/wise_wallet/node_modules/expo-secure-store/android/src/main/java/expo/modules/securestore/SecureStoreModule.kt:247:41 'getDefaultSharedPreferences(Context!): SharedPreferences!' is deprecated. Deprecated in Java

> Task :react-native-svg:mergeReleaseJniLibFolders
> Task :react-native-get-random-values:syncReleaseLibJars
> Task :react-native-get-random-values:bundleReleaseLocalLintAar
> Task :react-native-svg:mergeReleaseNativeLibs NO-SOURCE
> Task :react-native-svg:stripReleaseDebugSymbols NO-SOURCE
> Task :expo-file-system:compileReleaseKotlin
> Task :react-native-screens:stripReleaseDebugSymbols

> Task :expo-sqlite:compileReleaseKotlin
w: file:///D:/hobby/wise_wallet/node_modules/expo-sqlite/android/src/main/java/expo/modules/sqlite/NativeDatabase.kt:20:16 This declaration overrides deprecated member but not marked as deprecated itself. Please add @Deprecated annotation or suppress. See https://youtrack.jetbrains.com/issue/KT-47902 for details
w: file:///D:/hobby/wise_wallet/node_modules/expo-sqlite/android/src/main/java/expo/modules/sqlite/NativeDatabase.kt:21:11 'deallocate(): Unit' is deprecated. Use sharedObjectDidRelease() instead.
w: file:///D:/hobby/wise_wallet/node_modules/expo-sqlite/android/src/main/java/expo/modules/sqlite/NativeStatement.kt:10:16 This declaration overrides deprecated member but not marked as deprecated itself. Please add @Deprecated annotation or suppress. See https://youtrack.jetbrains.com/issue/KT-47902 for details
w: file:///D:/hobby/wise_wallet/node_modules/expo-sqlite/android/src/main/java/expo/modules/sqlite/NativeStatement.kt:11:11 'deallocate(): Unit' is deprecated. Use sharedObjectDidRelease() instead.

> Task :expo-image:kaptGenerateStubsReleaseKotlin
> Task :react-native-svg:copyReleaseJniLibsProjectAndLocalJars

> Task :expo-image-picker:compileReleaseKotlin
w: file:///D:/hobby/wise_wallet/node_modules/expo-image-picker/android/src/main/java/expo/modules/imagepicker/ImagePickerConstants.kt:123:23 'TAG_ISO_SPEED_RATINGS: String' is deprecated. Deprecated in Java

> Task :expo-file-system:compileReleaseJavaWithJavac
> Task :expo-file-system:bundleLibCompileToJarRelease
> Task :expo-image-picker:compileReleaseJavaWithJavac
> Task :expo-image-picker:bundleLibCompileToJarRelease
> Task :expo-secure-store:compileReleaseJavaWithJavac
> Task :expo-secure-store:bundleLibCompileToJarRelease
> Task :expo-sqlite:compileReleaseJavaWithJavac
> Task :expo-file-system:processReleaseJavaRes
> Task :expo-file-system:generateReleaseLintModel
> Task :expo-image-picker:processReleaseJavaRes
> Task :expo-sqlite:bundleLibCompileToJarRelease
> Task :expo-image-picker:bundleLibRuntimeToJarRelease
> Task :expo-image-picker:generateReleaseLintModel
> Task :expo-file-system:bundleLibRuntimeToJarRelease
> Task :expo-image-picker:createFullJarRelease
> Task :expo-file-system:createFullJarRelease
> Task :expo-secure-store:processReleaseJavaRes
> Task :expo-secure-store:generateReleaseLintModel
> Task :expo-secure-store:bundleLibRuntimeToJarRelease
> Task :expo-sqlite:processReleaseJavaRes
> Task :expo-secure-store:createFullJarRelease
> Task :expo-sqlite:generateReleaseLintModel
> Task :react-native-svg:extractDeepLinksForAarRelease
> Task :expo-sqlite:bundleLibRuntimeToJarRelease
> Task :react-native-svg:extractReleaseAnnotations
> Task :expo-sqlite:createFullJarRelease
> Task :react-native-svg:mergeReleaseGeneratedProguardFiles
> Task :react-native-svg:mergeReleaseConsumerProguardFiles
> Task :react-native-svg:mergeReleaseShaders
> Task :react-native-svg:compileReleaseShaders NO-SOURCE
> Task :react-native-svg:generateReleaseAssets UP-TO-DATE
> Task :react-native-svg:packageReleaseAssets
> Task :react-native-svg:prepareReleaseArtProfile
> Task :react-native-vector-icons:mergeReleaseJniLibFolders
> Task :react-native-svg:mergeReleaseJavaResource
> Task :react-native-vector-icons:mergeReleaseNativeLibs NO-SOURCE
> Task :react-native-screens:copyReleaseJniLibsProjectAndLocalJars
> Task :react-native-svg:syncReleaseLibJars
> Task :react-native-screens:bundleReleaseLocalLintAar
> Task :react-native-svg:bundleReleaseLocalLintAar
> Task :react-native-vector-icons:stripReleaseDebugSymbols NO-SOURCE

> Task :expo-image:kaptReleaseKotlin
Note: [2] Wrote GeneratedAppGlideModule with: [com.github.penfeizhou.animation.glide.GlideAnimationModule, com.bumptech.glide.integration.okhttp3.OkHttpLibraryGlideModule, com.bumptech.glide.integration.avif.AvifGlideModule, expo.modules.image.decodedsource.DecodedModule, expo.modules.image.blurhash.BlurhashModule, expo.modules.image.dataurls.Base64Module, expo.modules.image.thumbhash.ThumbhashModule, expo.modules.image.okhttp.ExpoImageOkHttpClientGlideModule, expo.modules.image.svg.SVGModule]

> Task :react-native-vector-icons:copyReleaseJniLibsProjectAndLocalJars
> Task :react-native-vector-icons:extractDeepLinksForAarRelease
> Task :react-native-vector-icons:extractReleaseAnnotations
> Task :react-native-vector-icons:mergeReleaseGeneratedProguardFiles
> Task :react-native-vector-icons:mergeReleaseConsumerProguardFiles
> Task :react-native-vector-icons:mergeReleaseShaders
> Task :react-native-vector-icons:compileReleaseShaders NO-SOURCE
> Task :react-native-vector-icons:generateReleaseAssets UP-TO-DATE
> Task :react-native-vector-icons:packageReleaseAssets
> Task :react-native-vector-icons:prepareReleaseArtProfile
> Task :react-native-vector-icons:mergeReleaseJavaResource
> Task :expo-application:mergeReleaseJniLibFolders
> Task :react-native-vector-icons:syncReleaseLibJars
> Task :react-native-vector-icons:bundleReleaseLocalLintAar
> Task :expo-application:mergeReleaseNativeLibs NO-SOURCE
> Task :expo-application:stripReleaseDebugSymbols NO-SOURCE
> Task :expo-application:copyReleaseJniLibsProjectAndLocalJars
> Task :expo-application:extractDeepLinksForAarRelease
> Task :expo-application:extractReleaseAnnotations
> Task :expo-application:mergeReleaseGeneratedProguardFiles
> Task :expo-application:mergeReleaseConsumerProguardFiles
> Task :expo-application:mergeReleaseShaders
> Task :expo-application:compileReleaseShaders NO-SOURCE
> Task :expo-application:generateReleaseAssets UP-TO-DATE
> Task :expo-application:packageReleaseAssets
> Task :expo-application:prepareReleaseArtProfile
> Task :expo-asset:mergeReleaseJniLibFolders
> Task :expo-asset:mergeReleaseNativeLibs NO-SOURCE
> Task :expo-asset:stripReleaseDebugSymbols NO-SOURCE
> Task :expo-asset:copyReleaseJniLibsProjectAndLocalJars
> Task :expo-asset:extractDeepLinksForAarRelease
> Task :expo-asset:extractReleaseAnnotations
> Task :expo-asset:mergeReleaseGeneratedProguardFiles
> Task :expo-asset:mergeReleaseConsumerProguardFiles
> Task :expo-application:mergeReleaseJavaResource
> Task :expo-asset:mergeReleaseShaders

> Task :expo-notifications:compileReleaseKotlin
w: file:///D:/hobby/wise_wallet/node_modules/expo-notifications/android/src/main/java/expo/modules/notifications/Utils.kt:41:21 'get(String!): Any?' is deprecated. Deprecated in Java
w: file:///D:/hobby/wise_wallet/node_modules/expo-notifications/android/src/main/java/expo/modules/notifications/notifications/categories/ExpoNotificationCategoriesModule.kt:69:40 'getParcelableArrayList(String?): ArrayList<T!>?' is deprecated. Deprecated in Java
w: file:///D:/hobby/wise_wallet/node_modules/expo-notifications/android/src/main/java/expo/modules/notifications/notifications/categories/ExpoNotificationCategoriesModule.kt:122:36 'getParcelable(String?): T?' is deprecated. Deprecated in Java
w: file:///D:/hobby/wise_wallet/node_modules/expo-notifications/android/src/main/java/expo/modules/notifications/notifications/debug/DebugLogging.kt:30:23 'get(String!): Any?' is deprecated. Deprecated in Java
w: file:///D:/hobby/wise_wallet/node_modules/expo-notifications/android/src/main/java/expo/modules/notifications/notifications/model/RemoteNotificationContent.kt:21:45 'readParcelable(ClassLoader?): T?' is deprecated. Deprecated in Java
w: file:///D:/hobby/wise_wallet/node_modules/expo-notifications/android/src/main/java/expo/modules/notifications/notifications/model/triggers/FirebaseNotificationTrigger.kt:19:12 'readParcelable(ClassLoader?): T?' is deprecated. Deprecated in Java
w: file:///D:/hobby/wise_wallet/node_modules/expo-notifications/android/src/main/java/expo/modules/notifications/notifications/presentation/ExpoNotificationPresentationModule.kt:46:33 'getSerializable(String?): Serializable?' is deprecated. Deprecated in Java
w: file:///D:/hobby/wise_wallet/node_modules/expo-notifications/android/src/main/java/expo/modules/notifications/notifications/presentation/ExpoNotificationPresentationModule.kt:57:43 'getParcelableArrayList(String?): ArrayList<T!>?' is deprecated. Deprecated in Java
w: file:///D:/hobby/wise_wallet/node_modules/expo-notifications/android/src/main/java/expo/modules/notifications/notifications/presentation/ExpoNotificationPresentationModule.kt:61:33 'getSerializable(String?): Serializable?' is deprecated. Deprecated in Java
w: file:///D:/hobby/wise_wallet/node_modules/expo-notifications/android/src/main/java/expo/modules/notifications/notifications/presentation/ExpoNotificationPresentationModule.kt:81:31 'getSerializable(String?): Serializable?' is deprecated. Deprecated in Java
w: file:///D:/hobby/wise_wallet/node_modules/expo-notifications/android/src/main/java/expo/modules/notifications/notifications/presentation/ExpoNotificationPresentationModule.kt:95:31 'getSerializable(String?): Serializable?' is deprecated. Deprecated in Java
w: file:///D:/hobby/wise_wallet/node_modules/expo-notifications/android/src/main/java/expo/modules/notifications/notifications/presentation/builders/BaseNotificationBuilder.kt:35:100 'constructor Builder(Context)' is deprecated. Deprecated in Java
w: file:///D:/hobby/wise_wallet/node_modules/expo-notifications/android/src/main/java/expo/modules/notifications/notifications/scheduling/NotificationScheduler.kt:51:40 'getParcelableArrayList(String?): ArrayList<T!>?' is deprecated. Deprecated in Java
w: file:///D:/hobby/wise_wallet/node_modules/expo-notifications/android/src/main/java/expo/modules/notifications/notifications/scheduling/NotificationScheduler.kt:58:33 'getSerializable(String?): Serializable?' is deprecated. Deprecated in Java
w: file:///D:/hobby/wise_wallet/node_modules/expo-notifications/android/src/main/java/expo/modules/notifications/notifications/scheduling/NotificationScheduler.kt:81:35 'getSerializable(String?): Serializable?' is deprecated. Deprecated in Java
w: file:///D:/hobby/wise_wallet/node_modules/expo-notifications/android/src/main/java/expo/modules/notifications/notifications/scheduling/NotificationScheduler.kt:128:31 'getSerializable(String?): Serializable?' is deprecated. Deprecated in Java
w: file:///D:/hobby/wise_wallet/node_modules/expo-notifications/android/src/main/java/expo/modules/notifications/notifications/scheduling/NotificationScheduler.kt:142:31 'getSerializable(String?): Serializable?' is deprecated. Deprecated in Java
w: file:///D:/hobby/wise_wallet/node_modules/expo-notifications/android/src/main/java/expo/modules/notifications/service/NotificationsService.kt:480:34 'getParcelable(String?): T?' is deprecated. Deprecated in Java
w: file:///D:/hobby/wise_wallet/node_modules/expo-notifications/android/src/main/java/expo/modules/notifications/service/NotificationsService.kt:481:28 'getParcelable(String?): T?' is deprecated. Deprecated in Java
w: file:///D:/hobby/wise_wallet/node_modules/expo-notifications/android/src/main/java/expo/modules/notifications/service/NotificationsService.kt:505:33 'getParcelableExtra(String!): T?' is deprecated. Deprecated in Java
w: file:///D:/hobby/wise_wallet/node_modules/expo-notifications/android/src/main/java/expo/modules/notifications/service/NotificationsService.kt:506:27 'getParcelableExtra(String!): T?' is deprecated. Deprecated in Java
w: file:///D:/hobby/wise_wallet/node_modules/expo-notifications/android/src/main/java/expo/modules/notifications/service/NotificationsService.kt:609:54 'get(String!): Any?' is deprecated. Deprecated in Java
w: file:///D:/hobby/wise_wallet/node_modules/expo-notifications/android/src/main/java/expo/modules/notifications/service/NotificationsService.kt:676:22 'getParcelable(String?): T?' is deprecated. Deprecated in Java
w: file:///D:/hobby/wise_wallet/node_modules/expo-notifications/android/src/main/java/expo/modules/notifications/service/NotificationsService.kt:677:22 'getParcelable(String?): T?' is deprecated. Deprecated in Java
w: file:///D:/hobby/wise_wallet/node_modules/expo-notifications/android/src/main/java/expo/modules/notifications/service/NotificationsService.kt:704:14 'getParcelableExtra(String!): T?' is deprecated. Deprecated in Java
w: file:///D:/hobby/wise_wallet/node_modules/expo-notifications/android/src/main/java/expo/modules/notifications/service/NotificationsService.kt:734:18 'getParcelableExtra(String!): T?' is deprecated. Deprecated in Java
w: file:///D:/hobby/wise_wallet/node_modules/expo-notifications/android/src/main/java/expo/modules/notifications/service/NotificationsService.kt:774:22 'getParcelable(String?): T?' is deprecated. Deprecated in Java
w: file:///D:/hobby/wise_wallet/node_modules/expo-notifications/android/src/main/java/expo/modules/notifications/service/delegates/Base64Serialization.kt:26:45 Returning type parameter has been inferred to Nothing implicitly because Nothing is more specific than specified expected type. Please specify type arguments explicitly in accordance with expected type to hide this warning. Nothing can produce an exception at runtime. See KT-36776 for more details.
w: file:///D:/hobby/wise_wallet/node_modules/expo-notifications/android/src/main/java/expo/modules/notifications/service/delegates/ExpoHandlingDelegate.kt:63:85 Parameter 'notificationResponse' is never used
w: file:///D:/hobby/wise_wallet/node_modules/expo-notifications/android/src/main/java/expo/modules/notifications/service/delegates/ExpoPresentationDelegate.kt:194:70 'priority: Int' is deprecated. Deprecated in Java
w: file:///D:/hobby/wise_wallet/node_modules/expo-notifications/android/src/main/java/expo/modules/notifications/service/delegates/ExpoPresentationDelegate.kt:195:41 'vibrate: LongArray!' is deprecated. Deprecated in Java
w: file:///D:/hobby/wise_wallet/node_modules/expo-notifications/android/src/main/java/expo/modules/notifications/service/delegates/ExpoPresentationDelegate.kt:196:30 'sound: Uri!' is deprecated. Deprecated in Java
w: file:///D:/hobby/wise_wallet/node_modules/expo-notifications/android/src/main/java/expo/modules/notifications/service/delegates/ExpoPresentationDelegate.kt:207:41 'get(String!): Any?' is deprecated. Deprecated in Java
w: file:///D:/hobby/wise_wallet/node_modules/expo-notifications/android/src/main/java/expo/modules/notifications/service/delegates/ExpoPresentationDelegate.kt:210:124 'get(String!): Any?' is deprecated. Deprecated in Java

> Task :expo-application:syncReleaseLibJars
> Task :expo-application:bundleReleaseLocalLintAar
> Task :expo-asset:compileReleaseShaders NO-SOURCE
> Task :expo-asset:generateReleaseAssets UP-TO-DATE
> Task :expo-asset:packageReleaseAssets
> Task :expo-asset:prepareReleaseArtProfile
> Task :expo-constants:mergeReleaseJniLibFolders
> Task :expo-constants:mergeReleaseNativeLibs NO-SOURCE
> Task :expo-constants:stripReleaseDebugSymbols NO-SOURCE
> Task :expo-constants:copyReleaseJniLibsProjectAndLocalJars
> Task :expo-constants:extractDeepLinksForAarRelease
> Task :expo-constants:extractReleaseAnnotations
> Task :expo-constants:mergeReleaseGeneratedProguardFiles
> Task :expo-constants:mergeReleaseConsumerProguardFiles
> Task :expo-asset:mergeReleaseJavaResource
> Task :expo-constants:mergeReleaseShaders

> Task :expo-notifications:compileReleaseJavaWithJavac
Note: Some input files use or override a deprecated API.
Note: Recompile with -Xlint:deprecation for details.
Note: D:\hobby\wise_wallet\node_modules\expo-notifications\android\src\main\java\expo\modules\notifications\notifications\model\NotificationCategory.java uses unchecked or unsafe operations.
Note: Recompile with -Xlint:unchecked for details.

> Task :expo-notifications:processReleaseJavaRes
> Task :expo-notifications:generateReleaseLintModel
> Task :expo-notifications:bundleLibCompileToJarRelease
> Task :expo-notifications:bundleLibRuntimeToJarRelease
> Task :expo-asset:syncReleaseLibJars
> Task :expo-notifications:createFullJarRelease
> Task :expo-asset:bundleReleaseLocalLintAar
> Task :expo-constants:compileReleaseShaders NO-SOURCE
> Task :expo-constants:generateReleaseAssets UP-TO-DATE
> Task :expo-constants:packageReleaseAssets
> Task :expo-constants:prepareReleaseArtProfile
> Task :expo-crypto:mergeReleaseJniLibFolders
> Task :expo-crypto:mergeReleaseNativeLibs NO-SOURCE
> Task :expo-crypto:stripReleaseDebugSymbols NO-SOURCE
> Task :expo-crypto:copyReleaseJniLibsProjectAndLocalJars
> Task :expo-crypto:extractDeepLinksForAarRelease
> Task :expo-crypto:extractReleaseAnnotations
> Task :expo-crypto:mergeReleaseGeneratedProguardFiles
> Task :expo-constants:mergeReleaseJavaResource
> Task :expo-crypto:mergeReleaseConsumerProguardFiles
> Task :expo-constants:syncReleaseLibJars
> Task :expo-constants:bundleReleaseLocalLintAar
> Task :expo-crypto:mergeReleaseShaders
> Task :expo-crypto:compileReleaseShaders NO-SOURCE
> Task :expo-crypto:generateReleaseAssets UP-TO-DATE
> Task :expo-crypto:packageReleaseAssets
> Task :expo-crypto:prepareReleaseArtProfile
> Task :expo-document-picker:mergeReleaseJniLibFolders
> Task :expo-document-picker:mergeReleaseNativeLibs NO-SOURCE
> Task :expo-document-picker:stripReleaseDebugSymbols NO-SOURCE
> Task :expo-document-picker:copyReleaseJniLibsProjectAndLocalJars
> Task :expo-document-picker:extractDeepLinksForAarRelease
> Task :expo-crypto:mergeReleaseJavaResource
> Task :expo-document-picker:extractReleaseAnnotations
> Task :expo-crypto:syncReleaseLibJars
> Task :expo-crypto:bundleReleaseLocalLintAar
> Task :expo-document-picker:mergeReleaseGeneratedProguardFiles
> Task :expo-document-picker:mergeReleaseConsumerProguardFiles
> Task :expo-document-picker:mergeReleaseShaders
> Task :expo-document-picker:compileReleaseShaders NO-SOURCE
> Task :expo-document-picker:generateReleaseAssets UP-TO-DATE
> Task :expo-document-picker:packageReleaseAssets
> Task :expo-document-picker:prepareReleaseArtProfile
> Task :expo-file-system:mergeReleaseJniLibFolders
> Task :expo-file-system:mergeReleaseNativeLibs NO-SOURCE
> Task :expo-file-system:stripReleaseDebugSymbols NO-SOURCE
> Task :expo-file-system:copyReleaseJniLibsProjectAndLocalJars
> Task :expo-file-system:extractDeepLinksForAarRelease
> Task :expo-document-picker:mergeReleaseJavaResource
> Task :expo-file-system:extractReleaseAnnotations
> Task :expo-document-picker:syncReleaseLibJars
> Task :expo-document-picker:bundleReleaseLocalLintAar
> Task :expo-file-system:mergeReleaseGeneratedProguardFiles
> Task :expo-file-system:mergeReleaseConsumerProguardFiles
> Task :expo-file-system:mergeReleaseShaders
> Task :expo-file-system:compileReleaseShaders NO-SOURCE
> Task :expo-file-system:generateReleaseAssets UP-TO-DATE
> Task :expo-file-system:packageReleaseAssets
> Task :expo-file-system:prepareReleaseArtProfile
> Task :expo-font:mergeReleaseJniLibFolders
> Task :expo-font:mergeReleaseNativeLibs NO-SOURCE
> Task :expo-font:stripReleaseDebugSymbols NO-SOURCE
> Task :expo-font:copyReleaseJniLibsProjectAndLocalJars
> Task :expo-font:extractDeepLinksForAarRelease
> Task :expo-file-system:mergeReleaseJavaResource
> Task :expo-font:extractReleaseAnnotations
> Task :expo-file-system:syncReleaseLibJars
> Task :expo-file-system:bundleReleaseLocalLintAar
> Task :expo-font:mergeReleaseGeneratedProguardFiles
> Task :expo-font:mergeReleaseConsumerProguardFiles
> Task :expo-font:mergeReleaseShaders
> Task :expo-font:compileReleaseShaders NO-SOURCE
> Task :expo-font:generateReleaseAssets UP-TO-DATE
> Task :expo-font:packageReleaseAssets
> Task :expo-font:prepareReleaseArtProfile
> Task :expo-image:mergeReleaseJniLibFolders
> Task :expo-image:mergeReleaseNativeLibs NO-SOURCE
> Task :expo-image:stripReleaseDebugSymbols NO-SOURCE
> Task :expo-image:copyReleaseJniLibsProjectAndLocalJars
> Task :expo-image:extractDeepLinksForAarRelease
> Task :expo-image:mergeReleaseShaders
> Task :expo-image:compileReleaseShaders NO-SOURCE
> Task :expo-font:mergeReleaseJavaResource
> Task :expo-font:syncReleaseLibJars
> Task :expo-font:bundleReleaseLocalLintAar
> Task :expo-image:generateReleaseAssets UP-TO-DATE
> Task :expo-image:packageReleaseAssets
> Task :expo-image:prepareReleaseArtProfile
> Task :expo-image-loader:mergeReleaseJniLibFolders
> Task :expo-image-loader:mergeReleaseNativeLibs NO-SOURCE
> Task :expo-image-loader:stripReleaseDebugSymbols NO-SOURCE
> Task :expo-image-loader:copyReleaseJniLibsProjectAndLocalJars
> Task :expo-image-loader:extractDeepLinksForAarRelease
> Task :expo-image-loader:extractReleaseAnnotations
> Task :expo-image-loader:mergeReleaseGeneratedProguardFiles
> Task :expo-image-loader:mergeReleaseConsumerProguardFiles
> Task :expo-image-loader:mergeReleaseShaders
> Task :expo-image-loader:compileReleaseShaders NO-SOURCE
> Task :expo-image-loader:generateReleaseAssets UP-TO-DATE
> Task :expo-image-loader:packageReleaseAssets
> Task :expo-image-loader:prepareReleaseArtProfile
> Task :expo-image-picker:mergeReleaseJniLibFolders
> Task :expo-image-picker:mergeReleaseNativeLibs NO-SOURCE
> Task :expo-image-picker:stripReleaseDebugSymbols NO-SOURCE
> Task :expo-image-picker:copyReleaseJniLibsProjectAndLocalJars
> Task :expo-image-picker:extractDeepLinksForAarRelease
> Task :expo-image-loader:mergeReleaseJavaResource
> Task :expo-image-picker:extractReleaseAnnotations
> Task :expo-image-loader:syncReleaseLibJars
> Task :expo-image-loader:bundleReleaseLocalLintAar
> Task :expo-image-picker:mergeReleaseGeneratedProguardFiles
> Task :expo-image-picker:mergeReleaseConsumerProguardFiles
> Task :expo-image-picker:mergeReleaseShaders
> Task :expo-image-picker:compileReleaseShaders NO-SOURCE
> Task :expo-image-picker:generateReleaseAssets UP-TO-DATE
> Task :expo-image-picker:packageReleaseAssets
> Task :expo-image-picker:prepareReleaseArtProfile
> Task :expo-keep-awake:mergeReleaseJniLibFolders
> Task :expo-keep-awake:mergeReleaseNativeLibs NO-SOURCE
> Task :expo-keep-awake:stripReleaseDebugSymbols NO-SOURCE
> Task :expo-keep-awake:copyReleaseJniLibsProjectAndLocalJars
> Task :expo-keep-awake:extractDeepLinksForAarRelease
> Task :expo-image-picker:mergeReleaseJavaResource
> Task :expo-keep-awake:extractReleaseAnnotations
> Task :expo-image-picker:syncReleaseLibJars
> Task :expo-image-picker:bundleReleaseLocalLintAar
> Task :expo-keep-awake:mergeReleaseGeneratedProguardFiles
> Task :expo-keep-awake:mergeReleaseConsumerProguardFiles
> Task :expo-keep-awake:mergeReleaseShaders
> Task :expo-keep-awake:compileReleaseShaders NO-SOURCE
> Task :expo-keep-awake:generateReleaseAssets UP-TO-DATE
> Task :expo-keep-awake:packageReleaseAssets
> Task :expo-keep-awake:prepareReleaseArtProfile
> Task :expo-linear-gradient:mergeReleaseJniLibFolders
> Task :expo-linear-gradient:mergeReleaseNativeLibs NO-SOURCE
> Task :expo-linear-gradient:stripReleaseDebugSymbols NO-SOURCE
> Task :expo-linear-gradient:copyReleaseJniLibsProjectAndLocalJars
> Task :expo-linear-gradient:extractDeepLinksForAarRelease
> Task :expo-keep-awake:mergeReleaseJavaResource
> Task :expo-linear-gradient:extractReleaseAnnotations
> Task :expo-keep-awake:syncReleaseLibJars
> Task :expo-keep-awake:bundleReleaseLocalLintAar
> Task :expo-linear-gradient:mergeReleaseGeneratedProguardFiles
> Task :expo-linear-gradient:mergeReleaseConsumerProguardFiles
> Task :expo-linear-gradient:mergeReleaseShaders
> Task :expo-linear-gradient:compileReleaseShaders NO-SOURCE
> Task :expo-linear-gradient:generateReleaseAssets UP-TO-DATE
> Task :expo-linear-gradient:packageReleaseAssets
> Task :expo-linear-gradient:prepareReleaseArtProfile
> Task :expo-linking:mergeReleaseJniLibFolders
> Task :expo-linking:mergeReleaseNativeLibs NO-SOURCE
> Task :expo-linking:stripReleaseDebugSymbols NO-SOURCE
> Task :expo-linking:copyReleaseJniLibsProjectAndLocalJars
> Task :expo-linking:extractDeepLinksForAarRelease
> Task :expo-linear-gradient:mergeReleaseJavaResource
> Task :expo-linking:extractReleaseAnnotations
> Task :expo-linear-gradient:syncReleaseLibJars
> Task :expo-linear-gradient:bundleReleaseLocalLintAar
> Task :expo-linking:mergeReleaseGeneratedProguardFiles
> Task :expo-linking:mergeReleaseConsumerProguardFiles
> Task :expo-linking:mergeReleaseShaders
> Task :expo-linking:compileReleaseShaders NO-SOURCE
> Task :expo-linking:generateReleaseAssets UP-TO-DATE
> Task :expo-linking:packageReleaseAssets
> Task :expo-linking:prepareReleaseArtProfile
> Task :expo-notifications:mergeReleaseJniLibFolders
> Task :expo-notifications:mergeReleaseNativeLibs NO-SOURCE
> Task :expo-notifications:stripReleaseDebugSymbols NO-SOURCE
> Task :expo-notifications:copyReleaseJniLibsProjectAndLocalJars
> Task :expo-notifications:extractDeepLinksForAarRelease
> Task :expo-linking:mergeReleaseJavaResource
> Task :expo-notifications:extractReleaseAnnotations
> Task :expo-linking:syncReleaseLibJars
> Task :expo-linking:bundleReleaseLocalLintAar
> Task :expo-notifications:mergeReleaseGeneratedProguardFiles
> Task :expo-notifications:mergeReleaseConsumerProguardFiles
> Task :expo-notifications:mergeReleaseShaders
> Task :expo-notifications:compileReleaseShaders NO-SOURCE
> Task :expo-notifications:generateReleaseAssets UP-TO-DATE
> Task :expo-notifications:packageReleaseAssets
> Task :expo-notifications:prepareReleaseArtProfile
> Task :expo-print:mergeReleaseJniLibFolders
> Task :expo-print:mergeReleaseNativeLibs NO-SOURCE
> Task :expo-print:stripReleaseDebugSymbols NO-SOURCE
> Task :expo-print:copyReleaseJniLibsProjectAndLocalJars
> Task :expo-print:extractDeepLinksForAarRelease
> Task :expo-print:extractReleaseAnnotations
> Task :expo-print:mergeReleaseGeneratedProguardFiles
> Task :expo-notifications:mergeReleaseJavaResource
> Task :expo-print:mergeReleaseConsumerProguardFiles
> Task :expo-notifications:syncReleaseLibJars
> Task :expo-notifications:bundleReleaseLocalLintAar
> Task :expo-print:mergeReleaseShaders
> Task :expo-print:compileReleaseShaders NO-SOURCE
> Task :expo-print:generateReleaseAssets UP-TO-DATE
> Task :expo-print:packageReleaseAssets
> Task :expo-print:prepareReleaseArtProfile
> Task :expo-secure-store:mergeReleaseJniLibFolders
> Task :expo-secure-store:mergeReleaseNativeLibs NO-SOURCE
> Task :expo-secure-store:stripReleaseDebugSymbols NO-SOURCE
> Task :expo-secure-store:copyReleaseJniLibsProjectAndLocalJars
> Task :expo-secure-store:extractDeepLinksForAarRelease
> Task :expo-secure-store:extractReleaseAnnotations
> Task :expo-secure-store:mergeReleaseGeneratedProguardFiles
> Task :expo-secure-store:mergeReleaseConsumerProguardFiles
> Task :expo-print:mergeReleaseJavaResource
> Task :expo-secure-store:mergeReleaseShaders
> Task :expo-print:syncReleaseLibJars
> Task :expo-print:bundleReleaseLocalLintAar
> Task :expo-secure-store:compileReleaseShaders NO-SOURCE
> Task :expo-secure-store:generateReleaseAssets UP-TO-DATE
> Task :expo-secure-store:packageReleaseAssets
> Task :expo-secure-store:prepareReleaseArtProfile
> Task :expo-sharing:mergeReleaseJniLibFolders
> Task :expo-sharing:mergeReleaseNativeLibs NO-SOURCE
> Task :expo-sharing:stripReleaseDebugSymbols NO-SOURCE
> Task :expo-sharing:copyReleaseJniLibsProjectAndLocalJars
> Task :expo-sharing:extractDeepLinksForAarRelease
> Task :expo-sharing:extractReleaseAnnotations
> Task :expo-sharing:mergeReleaseGeneratedProguardFiles
> Task :expo-sharing:mergeReleaseConsumerProguardFiles
> Task :expo-sharing:mergeReleaseShaders
> Task :expo-sharing:compileReleaseShaders NO-SOURCE
> Task :expo-sharing:generateReleaseAssets UP-TO-DATE
> Task :expo-sharing:packageReleaseAssets
> Task :expo-sharing:prepareReleaseArtProfile
> Task :expo-secure-store:mergeReleaseJavaResource
> Task :expo-secure-store:syncReleaseLibJars
> Task :expo-secure-store:bundleReleaseLocalLintAar
> Task :expo-sharing:mergeReleaseJavaResource
> Task :expo-sqlite:configureCMakeRelWithDebInfo[arm64-v8a]

> Task :expo-image:compileReleaseKotlin
w: file:///D:/hobby/wise_wallet/node_modules/expo-image/android/src/main/java/expo/modules/image/ExpoImageComponentCallbacks.kt:18:38 'TRIM_MEMORY_RUNNING_CRITICAL: Int' is deprecated. Deprecated in Java
w: file:///D:/hobby/wise_wallet/node_modules/expo-image/android/src/main/java/expo/modules/image/ExpoImageViewWrapper.kt:620:85 'with(Activity): RequestManager' is deprecated. Deprecated in Java

> Task :expo-sharing:syncReleaseLibJars
> Task :expo-sharing:bundleReleaseLocalLintAar
> Task :expo-sqlite:buildCMakeRelWithDebInfo[arm64-v8a]
> Task :expo-image:compileReleaseJavaWithJavac
> Task :expo-image:processReleaseJavaRes
> Task :expo-image:generateReleaseLintModel
> Task :expo-image:extractReleaseAnnotations
> Task :expo-image:mergeReleaseGeneratedProguardFiles
> Task :expo-image:mergeReleaseConsumerProguardFiles
> Task :expo-image:bundleLibCompileToJarRelease
> Task :expo-image:bundleLibRuntimeToJarRelease
> Task :expo-image:mergeReleaseJavaResource
> Task :expo-sqlite:configureCMakeRelWithDebInfo[armeabi-v7a]
> Task :expo-image:createFullJarRelease
> Task :expo-image:syncReleaseLibJars
> Task :expo-image:bundleReleaseLocalLintAar

> Task :expo:compileReleaseKotlin
w: file:///D:/hobby/wise_wallet/node_modules/expo/android/src/main/java/expo/modules/ReactActivityDelegateWrapper.kt:163:34 'constructor ReactDelegate(Activity!, ReactNativeHost!, String?, Bundle?)' is deprecated. Deprecated in Java
w: file:///D:/hobby/wise_wallet/node_modules/expo/android/src/main/java/expo/modules/fetch/NativeResponse.kt:40:16 This declaration overrides deprecated member but not marked as deprecated itself. Please add @Deprecated annotation or suppress. See https://youtrack.jetbrains.com/issue/KT-47902 for details
w: file:///D:/hobby/wise_wallet/node_modules/expo/android/src/main/java/expo/modules/fetch/NativeResponse.kt:42:11 'deallocate(): Unit' is deprecated. Use sharedObjectDidRelease() instead.

> Task :expo-sqlite:buildCMakeRelWithDebInfo[armeabi-v7a]
> Task :expo:compileReleaseJavaWithJavac
> Task :expo:processReleaseJavaRes
> Task :expo:bundleLibCompileToJarRelease
> Task :expo:bundleLibRuntimeToJarRelease
> Task :expo:generateReleaseLintModel
> Task :expo:createFullJarRelease
> Task :expo:extractReleaseAnnotations
> Task :expo:mergeReleaseGeneratedProguardFiles
> Task :expo:mergeReleaseConsumerProguardFiles
> Task :expo:mergeReleaseJavaResource
> Task :expo-sqlite:configureCMakeRelWithDebInfo[x86]
> Task :expo:syncReleaseLibJars
> Task :expo:bundleReleaseLocalLintAar
> Task :app:compileReleaseKotlin
> Task :expo-sqlite:buildCMakeRelWithDebInfo[x86]
> Task :app:compileReleaseJavaWithJavac
> Task :app:generateReleaseLintVitalReportModel
> Task :expo-sqlite:configureCMakeRelWithDebInfo[x86_64]
> Task :expo-sqlite:buildCMakeRelWithDebInfo[x86_64]
> Task :expo-sqlite:mergeReleaseJniLibFolders
> Task :expo-sqlite:extractDeepLinksForAarRelease
> Task :expo-sqlite:extractReleaseAnnotations
> Task :expo-sqlite:mergeReleaseGeneratedProguardFiles
> Task :expo-sqlite:mergeReleaseConsumerProguardFiles
> Task :expo-sqlite:mergeReleaseShaders
> Task :expo-sqlite:compileReleaseShaders NO-SOURCE
> Task :expo-sqlite:generateReleaseAssets UP-TO-DATE
> Task :expo-sqlite:packageReleaseAssets
> Task :expo-sqlite:prepareReleaseArtProfile
> Task :expo-sqlite:mergeReleaseJavaResource
> Task :expo-modules-core:configureCMakeRelWithDebInfo[arm64-v8a]
> Task :expo-sqlite:syncReleaseLibJars
> Task :expo-sqlite:mergeReleaseNativeLibs
> Task :expo-modules-core:buildCMakeRelWithDebInfo[arm64-v8a]
> Task :expo-modules-core:configureCMakeRelWithDebInfo[armeabi-v7a]
> Task :expo-sqlite:stripReleaseDebugSymbols
> Task :expo-modules-core:buildCMakeRelWithDebInfo[armeabi-v7a]
> Task :expo-modules-core:configureCMakeRelWithDebInfo[x86]
> Task :expo-sqlite:copyReleaseJniLibsProjectAndLocalJars
> Task :expo-modules-core:buildCMakeRelWithDebInfo[x86]
> Task :expo-sqlite:bundleReleaseLocalLintAar
> Task :expo-modules-core:configureCMakeRelWithDebInfo[x86_64]
> Task :expo-modules-core:buildCMakeRelWithDebInfo[x86_64]
> Task :expo-modules-core:mergeReleaseJniLibFolders
> Task :expo-modules-core:extractDeepLinksForAarRelease
> Task :expo-modules-core:extractReleaseAnnotations
> Task :expo-modules-core:mergeReleaseGeneratedProguardFiles
> Task :expo-modules-core:mergeReleaseConsumerProguardFiles
> Task :expo-modules-core:mergeReleaseShaders
> Task :expo-modules-core:compileReleaseShaders NO-SOURCE
> Task :expo-modules-core:generateReleaseAssets UP-TO-DATE
> Task :expo-modules-core:packageReleaseAssets
> Task :expo-modules-core:prepareReleaseArtProfile
> Task :shopify_flash-list:mergeReleaseJniLibFolders
> Task :shopify_flash-list:mergeReleaseNativeLibs NO-SOURCE
> Task :shopify_flash-list:stripReleaseDebugSymbols NO-SOURCE
> Task :shopify_flash-list:copyReleaseJniLibsProjectAndLocalJars
> Task :shopify_flash-list:extractDeepLinksForAarRelease
> Task :shopify_flash-list:extractReleaseAnnotations
> Task :shopify_flash-list:mergeReleaseGeneratedProguardFiles
> Task :shopify_flash-list:mergeReleaseConsumerProguardFiles
> Task :shopify_flash-list:mergeReleaseShaders
> Task :shopify_flash-list:compileReleaseShaders NO-SOURCE
> Task :shopify_flash-list:generateReleaseAssets UP-TO-DATE
> Task :shopify_flash-list:packageReleaseAssets
> Task :expo-modules-core:mergeReleaseJavaResource
> Task :shopify_flash-list:prepareReleaseArtProfile
> Task :expo-modules-core:mergeReleaseNativeLibs
> Task :expo-modules-core:syncReleaseLibJars
> Task :expo-application:writeReleaseLintModelMetadata
> Task :shopify_flash-list:mergeReleaseJavaResource
> Task :expo-asset:writeReleaseLintModelMetadata
> Task :expo-modules-core:stripReleaseDebugSymbols
> Task :shopify_flash-list:syncReleaseLibJars
> Task :shopify_flash-list:bundleReleaseLocalLintAar
> Task :expo-constants:writeReleaseLintModelMetadata
> Task :expo-crypto:writeReleaseLintModelMetadata
> Task :expo-document-picker:writeReleaseLintModelMetadata
> Task :expo-modules-core:copyReleaseJniLibsProjectAndLocalJars
> Task :expo-file-system:writeReleaseLintModelMetadata
> Task :expo-modules-core:bundleReleaseLocalLintAar
> Task :expo-font:writeReleaseLintModelMetadata
> Task :expo-image:writeReleaseLintModelMetadata
> Task :expo-image-loader:writeReleaseLintModelMetadata
> Task :expo-image-picker:writeReleaseLintModelMetadata
> Task :expo-keep-awake:writeReleaseLintModelMetadata
> Task :expo-linear-gradient:writeReleaseLintModelMetadata
> Task :expo-linking:writeReleaseLintModelMetadata
> Task :expo-modules-core:writeReleaseLintModelMetadata
> Task :expo-notifications:writeReleaseLintModelMetadata
> Task :expo-print:writeReleaseLintModelMetadata
> Task :expo-secure-store:writeReleaseLintModelMetadata
> Task :expo-sharing:writeReleaseLintModelMetadata
> Task :expo-sqlite:writeReleaseLintModelMetadata
> Task :expo:writeReleaseLintModelMetadata
> Task :react-native-async-storage_async-storage:writeReleaseLintModelMetadata
> Task :react-native-get-random-values:writeReleaseLintModelMetadata
> Task :react-native-safe-area-context:writeReleaseLintModelMetadata
> Task :react-native-screens:writeReleaseLintModelMetadata
> Task :react-native-svg:writeReleaseLintModelMetadata
> Task :react-native-vector-icons:writeReleaseLintModelMetadata
> Task :shopify_flash-list:writeReleaseLintModelMetadata
> Task :expo:generateReleaseLintVitalModel
> Task :expo-application:generateReleaseLintVitalModel
> Task :expo-asset:generateReleaseLintVitalModel
> Task :expo-constants:generateReleaseLintVitalModel
> Task :expo-crypto:generateReleaseLintVitalModel
> Task :expo-document-picker:generateReleaseLintVitalModel
> Task :expo-file-system:generateReleaseLintVitalModel
> Task :expo-font:generateReleaseLintVitalModel
> Task :expo-image:generateReleaseLintVitalModel
> Task :expo-image-loader:generateReleaseLintVitalModel
> Task :expo-image-picker:generateReleaseLintVitalModel
> Task :expo-keep-awake:generateReleaseLintVitalModel
> Task :expo-linear-gradient:generateReleaseLintVitalModel
> Task :expo-linking:generateReleaseLintVitalModel
> Task :expo-modules-core:generateReleaseLintVitalModel
> Task :expo-notifications:generateReleaseLintVitalModel
> Task :expo-print:generateReleaseLintVitalModel
> Task :expo-secure-store:generateReleaseLintVitalModel
> Task :expo-sharing:generateReleaseLintVitalModel
> Task :expo-sqlite:generateReleaseLintVitalModel
> Task :react-native-async-storage_async-storage:generateReleaseLintVitalModel
> Task :react-native-get-random-values:generateReleaseLintVitalModel
> Task :react-native-safe-area-context:generateReleaseLintVitalModel
> Task :react-native-screens:generateReleaseLintVitalModel
> Task :react-native-svg:generateReleaseLintVitalModel
> Task :react-native-vector-icons:generateReleaseLintVitalModel
> Task :shopify_flash-list:generateReleaseLintVitalModel
> Task :app:configureCMakeRelWithDebInfo[arm64-v8a]

> Task :app:buildCMakeRelWithDebInfo[arm64-v8a]
C/C++: ninja: Entering directory `D:\hobby\wise_wallet\android\app\.cxx\RelWithDebInfo\5d485d71\arm64-v8a'
C/C++: D:/hobby/wise_wallet/node_modules/react-native-safe-area-context/android/build/generated/source/codegen/jni/react/renderer/components/safeareacontext/EventEmitters.cpp:16:69: warning: '$' in identifier [-Wdollar-in-identifier-extension]
C/C++: void RNCSafeAreaProviderEventEmitter::onInsetsChange(OnInsetsChange $event) const {
C/C++:                                                                     ^
C/C++: D:/hobby/wise_wallet/node_modules/react-native-safe-area-context/android/build/generated/source/codegen/jni/react/renderer/components/safeareacontext/EventEmitters.cpp:17:34: warning: '$' in identifier [-Wdollar-in-identifier-extension]
C/C++:   dispatchEvent("insetsChange", [$event=std::move($event)](jsi::Runtime &runtime) {
C/C++:                                  ^
C/C++: D:/hobby/wise_wallet/node_modules/react-native-safe-area-context/android/build/generated/source/codegen/jni/react/renderer/components/safeareacontext/EventEmitters.cpp:17:51: warning: '$' in identifier [-Wdollar-in-identifier-extension]
C/C++:   dispatchEvent("insetsChange", [$event=std::move($event)](jsi::Runtime &runtime) {
C/C++:                                                   ^
C/C++: D:/hobby/wise_wallet/node_modules/react-native-safe-area-context/android/build/generated/source/codegen/jni/react/renderer/components/safeareacontext/EventEmitters.cpp:18:10: warning: '$' in identifier [-Wdollar-in-identifier-extension]
C/C++:     auto $payload = jsi::Object(runtime);
C/C++:          ^
C/C++: D:/hobby/wise_wallet/node_modules/react-native-safe-area-context/android/build/generated/source/codegen/jni/react/renderer/components/safeareacontext/EventEmitters.cpp:21:38: warning: '$' in identifier [-Wdollar-in-identifier-extension]
C/C++:   insets.setProperty(runtime, "top", $event.insets.top);
C/C++:                                      ^
C/C++: D:/hobby/wise_wallet/node_modules/react-native-safe-area-context/android/build/generated/source/codegen/jni/react/renderer/components/safeareacontext/EventEmitters.cpp:22:40: warning: '$' in identifier [-Wdollar-in-identifier-extension]
C/C++:   insets.setProperty(runtime, "right", $event.insets.right);
C/C++:                                        ^
C/C++: D:/hobby/wise_wallet/node_modules/react-native-safe-area-context/android/build/generated/source/codegen/jni/react/renderer/components/safeareacontext/EventEmitters.cpp:23:41: warning: '$' in identifier [-Wdollar-in-identifier-extension]
C/C++:   insets.setProperty(runtime, "bottom", $event.insets.bottom);
C/C++:                                         ^
C/C++: D:/hobby/wise_wallet/node_modules/react-native-safe-area-context/android/build/generated/source/codegen/jni/react/renderer/components/safeareacontext/EventEmitters.cpp:24:39: warning: '$' in identifier [-Wdollar-in-identifier-extension]
C/C++:   insets.setProperty(runtime, "left", $event.insets.left);
C/C++:                                       ^
C/C++: D:/hobby/wise_wallet/node_modules/react-native-safe-area-context/android/build/generated/source/codegen/jni/react/renderer/components/safeareacontext/EventEmitters.cpp:25:3: warning: '$' in identifier [-Wdollar-in-identifier-extension]
C/C++:   $payload.setProperty(runtime, "insets", insets);
C/C++:   ^
C/C++: D:/hobby/wise_wallet/node_modules/react-native-safe-area-context/android/build/generated/source/codegen/jni/react/renderer/components/safeareacontext/EventEmitters.cpp:29:35: warning: '$' in identifier [-Wdollar-in-identifier-extension]
C/C++:   frame.setProperty(runtime, "x", $event.frame.x);
C/C++:                                   ^
C/C++: D:/hobby/wise_wallet/node_modules/react-native-safe-area-context/android/build/generated/source/codegen/jni/react/renderer/components/safeareacontext/EventEmitters.cpp:30:35: warning: '$' in identifier [-Wdollar-in-identifier-extension]
C/C++:   frame.setProperty(runtime, "y", $event.frame.y);
C/C++:                                   ^
C/C++: D:/hobby/wise_wallet/node_modules/react-native-safe-area-context/android/build/generated/source/codegen/jni/react/renderer/components/safeareacontext/EventEmitters.cpp:31:39: warning: '$' in identifier [-Wdollar-in-identifier-extension]
C/C++:   frame.setProperty(runtime, "width", $event.frame.width);
C/C++:                                       ^
C/C++: D:/hobby/wise_wallet/node_modules/react-native-safe-area-context/android/build/generated/source/codegen/jni/react/renderer/components/safeareacontext/EventEmitters.cpp:32:40: warning: '$' in identifier [-Wdollar-in-identifier-extension]
C/C++:   frame.setProperty(runtime, "height", $event.frame.height);
C/C++:                                        ^
C/C++: D:/hobby/wise_wallet/node_modules/react-native-safe-area-context/android/build/generated/source/codegen/jni/react/renderer/components/safeareacontext/EventEmitters.cpp:33:3: warning: '$' in identifier [-Wdollar-in-identifier-extension]
C/C++:   $payload.setProperty(runtime, "frame", frame);
C/C++:   ^
C/C++: D:/hobby/wise_wallet/node_modules/react-native-safe-area-context/android/build/generated/source/codegen/jni/react/renderer/components/safeareacontext/EventEmitters.cpp:35:12: warning: '$' in identifier [-Wdollar-in-identifier-extension]
C/C++:     return $payload;
C/C++:            ^
C/C++: 15 warnings generated.

> Task :expo-font:lintVitalAnalyzeRelease
> Task :expo-crypto:lintVitalAnalyzeRelease

> Task :app:buildCMakeRelWithDebInfo[arm64-v8a]
C/C++: D:/hobby/wise_wallet/node_modules/react-native-svg/android/build/generated/source/codegen/jni/react/renderer/components/rnsvg/EventEmitters.cpp:30:44: warning: '$' in identifier [-Wdollar-in-identifier-extension]
C/C++: void RNSVGImageEventEmitter::onLoad(OnLoad $event) const {
C/C++:                                            ^
C/C++: D:/hobby/wise_wallet/node_modules/react-native-svg/android/build/generated/source/codegen/jni/react/renderer/components/rnsvg/EventEmitters.cpp:31:26: warning: '$' in identifier [-Wdollar-in-identifier-extension]
C/C++:   dispatchEvent("load", [$event=std::move($event)](jsi::Runtime &runtime) {
C/C++:                          ^
C/C++: D:/hobby/wise_wallet/node_modules/react-native-svg/android/build/generated/source/codegen/jni/react/renderer/components/rnsvg/EventEmitters.cpp:31:43: warning: '$' in identifier [-Wdollar-in-identifier-extension]
C/C++:   dispatchEvent("load", [$event=std::move($event)](jsi::Runtime &runtime) {
C/C++:                                           ^
C/C++: D:/hobby/wise_wallet/node_modules/react-native-svg/android/build/generated/source/codegen/jni/react/renderer/components/rnsvg/EventEmitters.cpp:32:10: warning: '$' in identifier [-Wdollar-in-identifier-extension]
C/C++:     auto $payload = jsi::Object(runtime);
C/C++:          ^
C/C++: D:/hobby/wise_wallet/node_modules/react-native-svg/android/build/generated/source/codegen/jni/react/renderer/components/rnsvg/EventEmitters.cpp:35:40: warning: '$' in identifier [-Wdollar-in-identifier-extension]
C/C++:   source.setProperty(runtime, "width", $event.source.width);
C/C++:                                        ^
C/C++: D:/hobby/wise_wallet/node_modules/react-native-svg/android/build/generated/source/codegen/jni/react/renderer/components/rnsvg/EventEmitters.cpp:36:41: warning: '$' in identifier [-Wdollar-in-identifier-extension]
C/C++:   source.setProperty(runtime, "height", $event.source.height);
C/C++:                                         ^
C/C++: D:/hobby/wise_wallet/node_modules/react-native-svg/android/build/generated/source/codegen/jni/react/renderer/components/rnsvg/EventEmitters.cpp:37:38: warning: '$' in identifier [-Wdollar-in-identifier-extension]
C/C++:   source.setProperty(runtime, "uri", $event.source.uri);
C/C++:                                      ^
C/C++: D:/hobby/wise_wallet/node_modules/react-native-svg/android/build/generated/source/codegen/jni/react/renderer/components/rnsvg/EventEmitters.cpp:38:3: warning: '$' in identifier [-Wdollar-in-identifier-extension]
C/C++:   $payload.setProperty(runtime, "source", source);
C/C++:   ^
C/C++: D:/hobby/wise_wallet/node_modules/react-native-svg/android/build/generated/source/codegen/jni/react/renderer/components/rnsvg/EventEmitters.cpp:40:12: warning: '$' in identifier [-Wdollar-in-identifier-extension]
C/C++:     return $payload;
C/C++:            ^
C/C++: 9 warnings generated.
C/C++: D:/hobby/wise_wallet/node_modules/react-native-screens/android/build/generated/source/codegen/jni/react/renderer/components/rnscreens/EventEmitters.cpp:17:52: warning: '$' in identifier [-Wdollar-in-identifier-extension]
C/C++: void RNSModalScreenEventEmitter::onAppear(OnAppear $event) const {
C/C++:                                                    ^
C/C++: D:/hobby/wise_wallet/node_modules/react-native-screens/android/build/generated/source/codegen/jni/react/renderer/components/rnscreens/EventEmitters.cpp:19:10: warning: '$' in identifier [-Wdollar-in-identifier-extension]
C/C++:     auto $payload = jsi::Object(runtime);
C/C++:          ^
C/C++: D:/hobby/wise_wallet/node_modules/react-native-screens/android/build/generated/source/codegen/jni/react/renderer/components/rnscreens/EventEmitters.cpp:21:12: warning: '$' in identifier [-Wdollar-in-identifier-extension]
C/C++:     return $payload;
C/C++:            ^
C/C++: D:/hobby/wise_wallet/node_modules/react-native-screens/android/build/generated/source/codegen/jni/react/renderer/components/rnscreens/EventEmitters.cpp:26:58: warning: '$' in identifier [-Wdollar-in-identifier-extension]
C/C++: void RNSModalScreenEventEmitter::onDisappear(OnDisappear $event) const {
C/C++:                                                          ^
C/C++: D:/hobby/wise_wallet/node_modules/react-native-screens/android/build/generated/source/codegen/jni/react/renderer/components/rnscreens/EventEmitters.cpp:28:10: warning: '$' in identifier [-Wdollar-in-identifier-extension]
C/C++:     auto $payload = jsi::Object(runtime);
C/C++:          ^
C/C++: D:/hobby/wise_wallet/node_modules/react-native-screens/android/build/generated/source/codegen/jni/react/renderer/components/rnscreens/EventEmitters.cpp:30:12: warning: '$' in identifier [-Wdollar-in-identifier-extension]
C/C++:     return $payload;
C/C++:            ^
C/C++: D:/hobby/wise_wallet/node_modules/react-native-screens/android/build/generated/source/codegen/jni/react/renderer/components/rnscreens/EventEmitters.cpp:35:58: warning: '$' in identifier [-Wdollar-in-identifier-extension]
C/C++: void RNSModalScreenEventEmitter::onDismissed(OnDismissed $event) const {
C/C++:                                                          ^
C/C++: D:/hobby/wise_wallet/node_modules/react-native-screens/android/build/generated/source/codegen/jni/react/renderer/components/rnscreens/EventEmitters.cpp:36:31: warning: '$' in identifier [-Wdollar-in-identifier-extension]
C/C++:   dispatchEvent("dismissed", [$event=std::move($event)](jsi::Runtime &runtime) {
C/C++:                               ^
C/C++: D:/hobby/wise_wallet/node_modules/react-native-screens/android/build/generated/source/codegen/jni/react/renderer/components/rnscreens/EventEmitters.cpp:36:48: warning: '$' in identifier [-Wdollar-in-identifier-extension]
C/C++:   dispatchEvent("dismissed", [$event=std::move($event)](jsi::Runtime &runtime) {
C/C++:                                                ^
C/C++: D:/hobby/wise_wallet/node_modules/react-native-screens/android/build/generated/source/codegen/jni/react/renderer/components/rnscreens/EventEmitters.cpp:37:10: warning: '$' in identifier [-Wdollar-in-identifier-extension]
C/C++:     auto $payload = jsi::Object(runtime);
C/C++:          ^
C/C++: D:/hobby/wise_wallet/node_modules/react-native-screens/android/build/generated/source/codegen/jni/react/renderer/components/rnscreens/EventEmitters.cpp:38:5: warning: '$' in identifier [-Wdollar-in-identifier-extension]
C/C++:     $payload.setProperty(runtime, "dismissCount", $event.dismissCount);
C/C++:     ^
C/C++: D:/hobby/wise_wallet/node_modules/react-native-screens/android/build/generated/source/codegen/jni/react/renderer/components/rnscreens/EventEmitters.cpp:38:51: warning: '$' in identifier [-Wdollar-in-identifier-extension]
C/C++:     $payload.setProperty(runtime, "dismissCount", $event.dismissCount);
C/C++:                                                   ^
C/C++: D:/hobby/wise_wallet/node_modules/react-native-screens/android/build/generated/source/codegen/jni/react/renderer/components/rnscreens/EventEmitters.cpp:39:12: warning: '$' in identifier [-Wdollar-in-identifier-extension]
C/C++:     return $payload;
C/C++:            ^
C/C++: D:/hobby/wise_wallet/node_modules/react-native-screens/android/build/generated/source/codegen/jni/react/renderer/components/rnscreens/EventEmitters.cpp:44:84: warning: '$' in identifier [-Wdollar-in-identifier-extension]
C/C++: void RNSModalScreenEventEmitter::onNativeDismissCancelled(OnNativeDismissCancelled $event) const {
C/C++:                                                                                    ^
C/C++: D:/hobby/wise_wallet/node_modules/react-native-screens/android/build/generated/source/codegen/jni/react/renderer/components/rnscreens/EventEmitters.cpp:45:44: warning: '$' in identifier [-Wdollar-in-identifier-extension]
C/C++:   dispatchEvent("nativeDismissCancelled", [$event=std::move($event)](jsi::Runtime &runtime) {
C/C++:                                            ^
C/C++: D:/hobby/wise_wallet/node_modules/react-native-screens/android/build/generated/source/codegen/jni/react/renderer/components/rnscreens/EventEmitters.cpp:45:61: warning: '$' in identifier [-Wdollar-in-identifier-extension]
C/C++:   dispatchEvent("nativeDismissCancelled", [$event=std::move($event)](jsi::Runtime &runtime) {
C/C++:                                                             ^
C/C++: D:/hobby/wise_wallet/node_modules/react-native-screens/android/build/generated/source/codegen/jni/react/renderer/components/rnscreens/EventEmitters.cpp:46:10: warning: '$' in identifier [-Wdollar-in-identifier-extension]
C/C++:     auto $payload = jsi::Object(runtime);
C/C++:          ^
C/C++: D:/hobby/wise_wallet/node_modules/react-native-screens/android/build/generated/source/codegen/jni/react/renderer/components/rnscreens/EventEmitters.cpp:47:5: warning: '$' in identifier [-Wdollar-in-identifier-extension]
C/C++:     $payload.setProperty(runtime, "dismissCount", $event.dismissCount);
C/C++:     ^
C/C++: D:/hobby/wise_wallet/node_modules/react-native-screens/android/build/generated/source/codegen/jni/react/renderer/components/rnscreens/EventEmitters.cpp:47:51: warning: '$' in identifier [-Wdollar-in-identifier-extension]
C/C++:     $payload.setProperty(runtime, "dismissCount", $event.dismissCount);
C/C++:                                                   ^
C/C++: D:/hobby/wise_wallet/node_modules/react-native-screens/android/build/generated/source/codegen/jni/react/renderer/components/rnscreens/EventEmitters.cpp:48:12: warning: '$' in identifier [-Wdollar-in-identifier-extension]
C/C++:     return $payload;
C/C++:            ^
C/C++: D:/hobby/wise_wallet/node_modules/react-native-screens/android/build/generated/source/codegen/jni/react/renderer/components/rnscreens/EventEmitters.cpp:53:60: warning: '$' in identifier [-Wdollar-in-identifier-extension]
C/C++: void RNSModalScreenEventEmitter::onWillAppear(OnWillAppear $event) const {
C/C++:                                                            ^
C/C++: D:/hobby/wise_wallet/node_modules/react-native-screens/android/build/generated/source/codegen/jni/react/renderer/components/rnscreens/EventEmitters.cpp:55:10: warning: '$' in identifier [-Wdollar-in-identifier-extension]
C/C++:     auto $payload = jsi::Object(runtime);
C/C++:          ^
C/C++: D:/hobby/wise_wallet/node_modules/react-native-screens/android/build/generated/source/codegen/jni/react/renderer/components/rnscreens/EventEmitters.cpp:57:12: warning: '$' in identifier [-Wdollar-in-identifier-extension]
C/C++:     return $payload;
C/C++:            ^
C/C++: D:/hobby/wise_wallet/node_modules/react-native-screens/android/build/generated/source/codegen/jni/react/renderer/components/rnscreens/EventEmitters.cpp:62:66: warning: '$' in identifier [-Wdollar-in-identifier-extension]
C/C++: void RNSModalScreenEventEmitter::onWillDisappear(OnWillDisappear $event) const {
C/C++:                                                                  ^
C/C++: D:/hobby/wise_wallet/node_modules/react-native-screens/android/build/generated/source/codegen/jni/react/renderer/components/rnscreens/EventEmitters.cpp:64:10: warning: '$' in identifier [-Wdollar-in-identifier-extension]
C/C++:     auto $payload = jsi::Object(runtime);
C/C++:          ^
C/C++: D:/hobby/wise_wallet/node_modules/react-native-screens/android/build/generated/source/codegen/jni/react/renderer/components/rnscreens/EventEmitters.cpp:66:12: warning: '$' in identifier [-Wdollar-in-identifier-extension]
C/C++:     return $payload;
C/C++:            ^
C/C++: D:/hobby/wise_wallet/node_modules/react-native-screens/android/build/generated/source/codegen/jni/react/renderer/components/rnscreens/EventEmitters.cpp:71:76: warning: '$' in identifier [-Wdollar-in-identifier-extension]
C/C++: void RNSModalScreenEventEmitter::onHeaderHeightChange(OnHeaderHeightChange $event) const {
C/C++:                                                                            ^
C/C++: D:/hobby/wise_wallet/node_modules/react-native-screens/android/build/generated/source/codegen/jni/react/renderer/components/rnscreens/EventEmitters.cpp:72:40: warning: '$' in identifier [-Wdollar-in-identifier-extension]
C/C++:   dispatchEvent("headerHeightChange", [$event=std::move($event)](jsi::Runtime &runtime) {
C/C++:                                        ^
C/C++: D:/hobby/wise_wallet/node_modules/react-native-screens/android/build/generated/source/codegen/jni/react/renderer/components/rnscreens/EventEmitters.cpp:72:57: warning: '$' in identifier [-Wdollar-in-identifier-extension]
C/C++:   dispatchEvent("headerHeightChange", [$event=std::move($event)](jsi::Runtime &runtime) {
C/C++:                                                         ^
C/C++: D:/hobby/wise_wallet/node_modules/react-native-screens/android/build/generated/source/codegen/jni/react/renderer/components/rnscreens/EventEmitters.cpp:73:10: warning: '$' in identifier [-Wdollar-in-identifier-extension]
C/C++:     auto $payload = jsi::Object(runtime);
C/C++:          ^
C/C++: D:/hobby/wise_wallet/node_modules/react-native-screens/android/build/generated/source/codegen/jni/react/renderer/components/rnscreens/EventEmitters.cpp:74:5: warning: '$' in identifier [-Wdollar-in-identifier-extension]
C/C++:     $payload.setProperty(runtime, "headerHeight", $event.headerHeight);
C/C++:     ^
C/C++: D:/hobby/wise_wallet/node_modules/react-native-screens/android/build/generated/source/codegen/jni/react/renderer/components/rnscreens/EventEmitters.cpp:74:51: warning: '$' in identifier [-Wdollar-in-identifier-extension]
C/C++:     $payload.setProperty(runtime, "headerHeight", $event.headerHeight);
C/C++:                                                   ^
C/C++: D:/hobby/wise_wallet/node_modules/react-native-screens/android/build/generated/source/codegen/jni/react/renderer/components/rnscreens/EventEmitters.cpp:75:12: warning: '$' in identifier [-Wdollar-in-identifier-extension]
C/C++:     return $payload;
C/C++:            ^
C/C++: D:/hobby/wise_wallet/node_modules/react-native-screens/android/build/generated/source/codegen/jni/react/renderer/components/rnscreens/EventEmitters.cpp:80:76: warning: '$' in identifier [-Wdollar-in-identifier-extension]
C/C++: void RNSModalScreenEventEmitter::onTransitionProgress(OnTransitionProgress $event) const {
C/C++:                                                                            ^
C/C++: D:/hobby/wise_wallet/node_modules/react-native-screens/android/build/generated/source/codegen/jni/react/renderer/components/rnscreens/EventEmitters.cpp:81:40: warning: '$' in identifier [-Wdollar-in-identifier-extension]
C/C++:   dispatchEvent("transitionProgress", [$event=std::move($event)](jsi::Runtime &runtime) {
C/C++:                                        ^
C/C++: D:/hobby/wise_wallet/node_modules/react-native-screens/android/build/generated/source/codegen/jni/react/renderer/components/rnscreens/EventEmitters.cpp:81:57: warning: '$' in identifier [-Wdollar-in-identifier-extension]
C/C++:   dispatchEvent("transitionProgress", [$event=std::move($event)](jsi::Runtime &runtime) {
C/C++:                                                         ^
C/C++: D:/hobby/wise_wallet/node_modules/react-native-screens/android/build/generated/source/codegen/jni/react/renderer/components/rnscreens/EventEmitters.cpp:82:10: warning: '$' in identifier [-Wdollar-in-identifier-extension]
C/C++:     auto $payload = jsi::Object(runtime);
C/C++:          ^
C/C++: D:/hobby/wise_wallet/node_modules/react-native-screens/android/build/generated/source/codegen/jni/react/renderer/components/rnscreens/EventEmitters.cpp:83:5: warning: '$' in identifier [-Wdollar-in-identifier-extension]
C/C++:     $payload.setProperty(runtime, "progress", $event.progress);
C/C++:     ^
C/C++: D:/hobby/wise_wallet/node_modules/react-native-screens/android/build/generated/source/codegen/jni/react/renderer/components/rnscreens/EventEmitters.cpp:83:47: warning: '$' in identifier [-Wdollar-in-identifier-extension]
C/C++:     $payload.setProperty(runtime, "progress", $event.progress);
C/C++:                                               ^
C/C++: D:/hobby/wise_wallet/node_modules/react-native-screens/android/build/generated/source/codegen/jni/react/renderer/components/rnscreens/EventEmitters.cpp:84:1: warning: '$' in identifier [-Wdollar-in-identifier-extension]
C/C++: $payload.setProperty(runtime, "closing", $event.closing);
C/C++: ^
C/C++: D:/hobby/wise_wallet/node_modules/react-native-screens/android/build/generated/source/codegen/jni/react/renderer/components/rnscreens/EventEmitters.cpp:84:42: warning: '$' in identifier [-Wdollar-in-identifier-extension]
C/C++: $payload.setProperty(runtime, "closing", $event.closing);
C/C++:                                          ^
C/C++: D:/hobby/wise_wallet/node_modules/react-native-screens/android/build/generated/source/codegen/jni/react/renderer/components/rnscreens/EventEmitters.cpp:85:1: warning: '$' in identifier [-Wdollar-in-identifier-extension]
C/C++: $payload.setProperty(runtime, "goingForward", $event.goingForward);
C/C++: ^
C/C++: D:/hobby/wise_wallet/node_modules/react-native-screens/android/build/generated/source/codegen/jni/react/renderer/components/rnscreens/EventEmitters.cpp:85:47: warning: '$' in identifier [-Wdollar-in-identifier-extension]
C/C++: $payload.setProperty(runtime, "goingForward", $event.goingForward);
C/C++:                                               ^
C/C++: D:/hobby/wise_wallet/node_modules/react-native-screens/android/build/generated/source/codegen/jni/react/renderer/components/rnscreens/EventEmitters.cpp:86:12: warning: '$' in identifier [-Wdollar-in-identifier-extension]
C/C++:     return $payload;
C/C++:            ^
C/C++: D:/hobby/wise_wallet/node_modules/react-native-screens/android/build/generated/source/codegen/jni/react/renderer/components/rnscreens/EventEmitters.cpp:91:66: warning: '$' in identifier [-Wdollar-in-identifier-extension]
C/C++: void RNSModalScreenEventEmitter::onGestureCancel(OnGestureCancel $event) const {
C/C++:                                                                  ^
C/C++: D:/hobby/wise_wallet/node_modules/react-native-screens/android/build/generated/source/codegen/jni/react/renderer/components/rnscreens/EventEmitters.cpp:93:10: warning: '$' in identifier [-Wdollar-in-identifier-extension]
C/C++:     auto $payload = jsi::Object(runtime);
C/C++:          ^
C/C++: D:/hobby/wise_wallet/node_modules/react-native-screens/android/build/generated/source/codegen/jni/react/renderer/components/rnscreens/EventEmitters.cpp:95:12: warning: '$' in identifier [-Wdollar-in-identifier-extension]
C/C++:     return $payload;
C/C++:            ^
C/C++: D:/hobby/wise_wallet/node_modules/react-native-screens/android/build/generated/source/codegen/jni/react/renderer/components/rnscreens/EventEmitters.cpp:100:86: warning: '$' in identifier [-Wdollar-in-identifier-extension]
C/C++: void RNSModalScreenEventEmitter::onHeaderBackButtonClicked(OnHeaderBackButtonClicked $event) const {
C/C++:                                                                                      ^
C/C++: D:/hobby/wise_wallet/node_modules/react-native-screens/android/build/generated/source/codegen/jni/react/renderer/components/rnscreens/EventEmitters.cpp:102:10: warning: '$' in identifier [-Wdollar-in-identifier-extension]
C/C++:     auto $payload = jsi::Object(runtime);
C/C++:          ^
C/C++: D:/hobby/wise_wallet/node_modules/react-native-screens/android/build/generated/source/codegen/jni/react/renderer/components/rnscreens/EventEmitters.cpp:104:12: warning: '$' in identifier [-Wdollar-in-identifier-extension]
C/C++:     return $payload;
C/C++:            ^
C/C++: D:/hobby/wise_wallet/node_modules/react-native-screens/android/build/generated/source/codegen/jni/react/renderer/components/rnscreens/EventEmitters.cpp:109:76: warning: '$' in identifier [-Wdollar-in-identifier-extension]
C/C++: void RNSModalScreenEventEmitter::onSheetDetentChanged(OnSheetDetentChanged $event) const {
C/C++:                                                                            ^
C/C++: D:/hobby/wise_wallet/node_modules/react-native-screens/android/build/generated/source/codegen/jni/react/renderer/components/rnscreens/EventEmitters.cpp:110:40: warning: '$' in identifier [-Wdollar-in-identifier-extension]
C/C++:   dispatchEvent("sheetDetentChanged", [$event=std::move($event)](jsi::Runtime &runtime) {
C/C++:                                        ^
C/C++: D:/hobby/wise_wallet/node_modules/react-native-screens/android/build/generated/source/codegen/jni/react/renderer/components/rnscreens/EventEmitters.cpp:110:57: warning: '$' in identifier [-Wdollar-in-identifier-extension]
C/C++:   dispatchEvent("sheetDetentChanged", [$event=std::move($event)](jsi::Runtime &runtime) {
C/C++:                                                         ^
C/C++: D:/hobby/wise_wallet/node_modules/react-native-screens/android/build/generated/source/codegen/jni/react/renderer/components/rnscreens/EventEmitters.cpp:111:10: warning: '$' in identifier [-Wdollar-in-identifier-extension]
C/C++:     auto $payload = jsi::Object(runtime);
C/C++:          ^
C/C++: D:/hobby/wise_wallet/node_modules/react-native-screens/android/build/generated/source/codegen/jni/react/renderer/components/rnscreens/EventEmitters.cpp:112:5: warning: '$' in identifier [-Wdollar-in-identifier-extension]
C/C++:     $payload.setProperty(runtime, "index", $event.index);
C/C++:     ^
C/C++: D:/hobby/wise_wallet/node_modules/react-native-screens/android/build/generated/source/codegen/jni/react/renderer/components/rnscreens/EventEmitters.cpp:112:44: warning: '$' in identifier [-Wdollar-in-identifier-extension]
C/C++:     $payload.setProperty(runtime, "index", $event.index);
C/C++:                                            ^
C/C++: D:/hobby/wise_wallet/node_modules/react-native-screens/android/build/generated/source/codegen/jni/react/renderer/components/rnscreens/EventEmitters.cpp:113:1: warning: '$' in identifier [-Wdollar-in-identifier-extension]
C/C++: $payload.setProperty(runtime, "isStable", $event.isStable);
C/C++: ^
C/C++: D:/hobby/wise_wallet/node_modules/react-native-screens/android/build/generated/source/codegen/jni/react/renderer/components/rnscreens/EventEmitters.cpp:113:43: warning: '$' in identifier [-Wdollar-in-identifier-extension]
C/C++: $payload.setProperty(runtime, "isStable", $event.isStable);
C/C++:                                           ^
C/C++: D:/hobby/wise_wallet/node_modules/react-native-screens/android/build/generated/source/codegen/jni/react/renderer/components/rnscreens/EventEmitters.cpp:114:12: warning: '$' in identifier [-Wdollar-in-identifier-extension]
C/C++:     return $payload;
C/C++:            ^
C/C++: D:/hobby/wise_wallet/node_modules/react-native-screens/android/build/generated/source/codegen/jni/react/renderer/components/rnscreens/EventEmitters.cpp:122:47: warning: '$' in identifier [-Wdollar-in-identifier-extension]
C/C++: void RNSScreenEventEmitter::onAppear(OnAppear $event) const {
C/C++:                                               ^
C/C++: D:/hobby/wise_wallet/node_modules/react-native-screens/android/build/generated/source/codegen/jni/react/renderer/components/rnscreens/EventEmitters.cpp:124:10: warning: '$' in identifier [-Wdollar-in-identifier-extension]
C/C++:     auto $payload = jsi::Object(runtime);
C/C++:          ^
C/C++: D:/hobby/wise_wallet/node_modules/react-native-screens/android/build/generated/source/codegen/jni/react/renderer/components/rnscreens/EventEmitters.cpp:126:12: warning: '$' in identifier [-Wdollar-in-identifier-extension]
C/C++:     return $payload;
C/C++:            ^
C/C++: D:/hobby/wise_wallet/node_modules/react-native-screens/android/build/generated/source/codegen/jni/react/renderer/components/rnscreens/EventEmitters.cpp:131:53: warning: '$' in identifier [-Wdollar-in-identifier-extension]
C/C++: void RNSScreenEventEmitter::onDisappear(OnDisappear $event) const {
C/C++:                                                     ^
C/C++: D:/hobby/wise_wallet/node_modules/react-native-screens/android/build/generated/source/codegen/jni/react/renderer/components/rnscreens/EventEmitters.cpp:133:10: warning: '$' in identifier [-Wdollar-in-identifier-extension]
C/C++:     auto $payload = jsi::Object(runtime);
C/C++:          ^
C/C++: D:/hobby/wise_wallet/node_modules/react-native-screens/android/build/generated/source/codegen/jni/react/renderer/components/rnscreens/EventEmitters.cpp:135:12: warning: '$' in identifier [-Wdollar-in-identifier-extension]
C/C++:     return $payload;
C/C++:            ^
C/C++: D:/hobby/wise_wallet/node_modules/react-native-screens/android/build/generated/source/codegen/jni/react/renderer/components/rnscreens/EventEmitters.cpp:140:53: warning: '$' in identifier [-Wdollar-in-identifier-extension]
C/C++: void RNSScreenEventEmitter::onDismissed(OnDismissed $event) const {
C/C++:                                                     ^
C/C++: D:/hobby/wise_wallet/node_modules/react-native-screens/android/build/generated/source/codegen/jni/react/renderer/components/rnscreens/EventEmitters.cpp:141:31: warning: '$' in identifier [-Wdollar-in-identifier-extension]
C/C++:   dispatchEvent("dismissed", [$event=std::move($event)](jsi::Runtime &runtime) {
C/C++:                               ^
C/C++: D:/hobby/wise_wallet/node_modules/react-native-screens/android/build/generated/source/codegen/jni/react/renderer/components/rnscreens/EventEmitters.cpp:141:48: warning: '$' in identifier [-Wdollar-in-identifier-extension]
C/C++:   dispatchEvent("dismissed", [$event=std::move($event)](jsi::Runtime &runtime) {
C/C++:                                                ^
C/C++: D:/hobby/wise_wallet/node_modules/react-native-screens/android/build/generated/source/codegen/jni/react/renderer/components/rnscreens/EventEmitters.cpp:142:10: warning: '$' in identifier [-Wdollar-in-identifier-extension]
C/C++:     auto $payload = jsi::Object(runtime);
C/C++:          ^
C/C++: D:/hobby/wise_wallet/node_modules/react-native-screens/android/build/generated/source/codegen/jni/react/renderer/components/rnscreens/EventEmitters.cpp:143:5: warning: '$' in identifier [-Wdollar-in-identifier-extension]
C/C++:     $payload.setProperty(runtime, "dismissCount", $event.dismissCount);
C/C++:     ^
C/C++: D:/hobby/wise_wallet/node_modules/react-native-screens/android/build/generated/source/codegen/jni/react/renderer/components/rnscreens/EventEmitters.cpp:143:51: warning: '$' in identifier [-Wdollar-in-identifier-extension]
C/C++:     $payload.setProperty(runtime, "dismissCount", $event.dismissCount);
C/C++:                                                   ^
C/C++: D:/hobby/wise_wallet/node_modules/react-native-screens/android/build/generated/source/codegen/jni/react/renderer/components/rnscreens/EventEmitters.cpp:144:12: warning: '$' in identifier [-Wdollar-in-identifier-extension]
C/C++:     return $payload;
C/C++:            ^
C/C++: D:/hobby/wise_wallet/node_modules/react-native-screens/android/build/generated/source/codegen/jni/react/renderer/components/rnscreens/EventEmitters.cpp:149:79: warning: '$' in identifier [-Wdollar-in-identifier-extension]
C/C++: void RNSScreenEventEmitter::onNativeDismissCancelled(OnNativeDismissCancelled $event) const {
C/C++:                                                                               ^
C/C++: D:/hobby/wise_wallet/node_modules/react-native-screens/android/build/generated/source/codegen/jni/react/renderer/components/rnscreens/EventEmitters.cpp:150:44: warning: '$' in identifier [-Wdollar-in-identifier-extension]
C/C++:   dispatchEvent("nativeDismissCancelled", [$event=std::move($event)](jsi::Runtime &runtime) {
C/C++:                                            ^
C/C++: D:/hobby/wise_wallet/node_modules/react-native-screens/android/build/generated/source/codegen/jni/react/renderer/components/rnscreens/EventEmitters.cpp:150:61: warning: '$' in identifier [-Wdollar-in-identifier-extension]
C/C++:   dispatchEvent("nativeDismissCancelled", [$event=std::move($event)](jsi::Runtime &runtime) {
C/C++:                                                             ^
C/C++: D:/hobby/wise_wallet/node_modules/react-native-screens/android/build/generated/source/codegen/jni/react/renderer/components/rnscreens/EventEmitters.cpp:151:10: warning: '$' in identifier [-Wdollar-in-identifier-extension]
C/C++:     auto $payload = jsi::Object(runtime);
C/C++:          ^
C/C++: D:/hobby/wise_wallet/node_modules/react-native-screens/android/build/generated/source/codegen/jni/react/renderer/components/rnscreens/EventEmitters.cpp:152:5: warning: '$' in identifier [-Wdollar-in-identifier-extension]
C/C++:     $payload.setProperty(runtime, "dismissCount", $event.dismissCount);
C/C++:     ^
C/C++: D:/hobby/wise_wallet/node_modules/react-native-screens/android/build/generated/source/codegen/jni/react/renderer/components/rnscreens/EventEmitters.cpp:152:51: warning: '$' in identifier [-Wdollar-in-identifier-extension]
C/C++:     $payload.setProperty(runtime, "dismissCount", $event.dismissCount);
C/C++:                                                   ^
C/C++: D:/hobby/wise_wallet/node_modules/react-native-screens/android/build/generated/source/codegen/jni/react/renderer/components/rnscreens/EventEmitters.cpp:153:12: warning: '$' in identifier [-Wdollar-in-identifier-extension]
C/C++:     return $payload;
C/C++:            ^
C/C++: D:/hobby/wise_wallet/node_modules/react-native-screens/android/build/generated/source/codegen/jni/react/renderer/components/rnscreens/EventEmitters.cpp:158:55: warning: '$' in identifier [-Wdollar-in-identifier-extension]
C/C++: void RNSScreenEventEmitter::onWillAppear(OnWillAppear $event) const {
C/C++:                                                       ^
C/C++: D:/hobby/wise_wallet/node_modules/react-native-screens/android/build/generated/source/codegen/jni/react/renderer/components/rnscreens/EventEmitters.cpp:160:10: warning: '$' in identifier [-Wdollar-in-identifier-extension]
C/C++:     auto $payload = jsi::Object(runtime);
C/C++:          ^
C/C++: D:/hobby/wise_wallet/node_modules/react-native-screens/android/build/generated/source/codegen/jni/react/renderer/components/rnscreens/EventEmitters.cpp:162:12: warning: '$' in identifier [-Wdollar-in-identifier-extension]
C/C++:     return $payload;
C/C++:            ^
C/C++: D:/hobby/wise_wallet/node_modules/react-native-screens/android/build/generated/source/codegen/jni/react/renderer/components/rnscreens/EventEmitters.cpp:167:61: warning: '$' in identifier [-Wdollar-in-identifier-extension]
C/C++: void RNSScreenEventEmitter::onWillDisappear(OnWillDisappear $event) const {
C/C++:                                                             ^
C/C++: D:/hobby/wise_wallet/node_modules/react-native-screens/android/build/generated/source/codegen/jni/react/renderer/components/rnscreens/EventEmitters.cpp:169:10: warning: '$' in identifier [-Wdollar-in-identifier-extension]
C/C++:     auto $payload = jsi::Object(runtime);
C/C++:          ^
C/C++: D:/hobby/wise_wallet/node_modules/react-native-screens/android/build/generated/source/codegen/jni/react/renderer/components/rnscreens/EventEmitters.cpp:171:12: warning: '$' in identifier [-Wdollar-in-identifier-extension]
C/C++:     return $payload;
C/C++:            ^
C/C++: D:/hobby/wise_wallet/node_modules/react-native-screens/android/build/generated/source/codegen/jni/react/renderer/components/rnscreens/EventEmitters.cpp:176:71: warning: '$' in identifier [-Wdollar-in-identifier-extension]
C/C++: void RNSScreenEventEmitter::onHeaderHeightChange(OnHeaderHeightChange $event) const {
C/C++:                                                                       ^
C/C++: D:/hobby/wise_wallet/node_modules/react-native-screens/android/build/generated/source/codegen/jni/react/renderer/components/rnscreens/EventEmitters.cpp:177:40: warning: '$' in identifier [-Wdollar-in-identifier-extension]
C/C++:   dispatchEvent("headerHeightChange", [$event=std::move($event)](jsi::Runtime &runtime) {
C/C++:                                        ^
C/C++: D:/hobby/wise_wallet/node_modules/react-native-screens/android/build/generated/source/codegen/jni/react/renderer/components/rnscreens/EventEmitters.cpp:177:57: warning: '$' in identifier [-Wdollar-in-identifier-extension]
C/C++:   dispatchEvent("headerHeightChange", [$event=std::move($event)](jsi::Runtime &runtime) {
C/C++:                                                         ^
C/C++: D:/hobby/wise_wallet/node_modules/react-native-screens/android/build/generated/source/codegen/jni/react/renderer/components/rnscreens/EventEmitters.cpp:178:10: warning: '$' in identifier [-Wdollar-in-identifier-extension]
C/C++:     auto $payload = jsi::Object(runtime);
C/C++:          ^
C/C++: D:/hobby/wise_wallet/node_modules/react-native-screens/android/build/generated/source/codegen/jni/react/renderer/components/rnscreens/EventEmitters.cpp:179:5: warning: '$' in identifier [-Wdollar-in-identifier-extension]
C/C++:     $payload.setProperty(runtime, "headerHeight", $event.headerHeight);
C/C++:     ^
C/C++: D:/hobby/wise_wallet/node_modules/react-native-screens/android/build/generated/source/codegen/jni/react/renderer/components/rnscreens/EventEmitters.cpp:179:51: warning: '$' in identifier [-Wdollar-in-identifier-extension]
C/C++:     $payload.setProperty(runtime, "headerHeight", $event.headerHeight);
C/C++:                                                   ^
C/C++: D:/hobby/wise_wallet/node_modules/react-native-screens/android/build/generated/source/codegen/jni/react/renderer/components/rnscreens/EventEmitters.cpp:180:12: warning: '$' in identifier [-Wdollar-in-identifier-extension]
C/C++:     return $payload;
C/C++:            ^
C/C++: D:/hobby/wise_wallet/node_modules/react-native-screens/android/build/generated/source/codegen/jni/react/renderer/components/rnscreens/EventEmitters.cpp:185:71: warning: '$' in identifier [-Wdollar-in-identifier-extension]
C/C++: void RNSScreenEventEmitter::onTransitionProgress(OnTransitionProgress $event) const {
C/C++:                                                                       ^
C/C++: D:/hobby/wise_wallet/node_modules/react-native-screens/android/build/generated/source/codegen/jni/react/renderer/components/rnscreens/EventEmitters.cpp:186:40: warning: '$' in identifier [-Wdollar-in-identifier-extension]
C/C++:   dispatchEvent("transitionProgress", [$event=std::move($event)](jsi::Runtime &runtime) {
C/C++:                                        ^
C/C++: D:/hobby/wise_wallet/node_modules/react-native-screens/android/build/generated/source/codegen/jni/react/renderer/components/rnscreens/EventEmitters.cpp:186:57: warning: '$' in identifier [-Wdollar-in-identifier-extension]
C/C++:   dispatchEvent("transitionProgress", [$event=std::move($event)](jsi::Runtime &runtime) {
C/C++:                                                         ^
C/C++: D:/hobby/wise_wallet/node_modules/react-native-screens/android/build/generated/source/codegen/jni/react/renderer/components/rnscreens/EventEmitters.cpp:187:10: warning: '$' in identifier [-Wdollar-in-identifier-extension]
C/C++:     auto $payload = jsi::Object(runtime);
C/C++:          ^
C/C++: D:/hobby/wise_wallet/node_modules/react-native-screens/android/build/generated/source/codegen/jni/react/renderer/components/rnscreens/EventEmitters.cpp:188:5: warning: '$' in identifier [-Wdollar-in-identifier-extension]
C/C++:     $payload.setProperty(runtime, "progress", $event.progress);
C/C++:     ^
C/C++: D:/hobby/wise_wallet/node_modules/react-native-screens/android/build/generated/source/codegen/jni/react/renderer/components/rnscreens/EventEmitters.cpp:188:47: warning: '$' in identifier [-Wdollar-in-identifier-extension]
C/C++:     $payload.setProperty(runtime, "progress", $event.progress);
C/C++:                                               ^
C/C++: D:/hobby/wise_wallet/node_modules/react-native-screens/android/build/generated/source/codegen/jni/react/renderer/components/rnscreens/EventEmitters.cpp:189:1: warning: '$' in identifier [-Wdollar-in-identifier-extension]
C/C++: $payload.setProperty(runtime, "closing", $event.closing);
C/C++: ^
C/C++: D:/hobby/wise_wallet/node_modules/react-native-screens/android/build/generated/source/codegen/jni/react/renderer/components/rnscreens/EventEmitters.cpp:189:42: warning: '$' in identifier [-Wdollar-in-identifier-extension]
C/C++: $payload.setProperty(runtime, "closing", $event.closing);
C/C++:                                          ^
C/C++: D:/hobby/wise_wallet/node_modules/react-native-screens/android/build/generated/source/codegen/jni/react/renderer/components/rnscreens/EventEmitters.cpp:190:1: warning: '$' in identifier [-Wdollar-in-identifier-extension]
C/C++: $payload.setProperty(runtime, "goingForward", $event.goingForward);
C/C++: ^
C/C++: D:/hobby/wise_wallet/node_modules/react-native-screens/android/build/generated/source/codegen/jni/react/renderer/components/rnscreens/EventEmitters.cpp:190:47: warning: '$' in identifier [-Wdollar-in-identifier-extension]
C/C++: $payload.setProperty(runtime, "goingForward", $event.goingForward);
C/C++:                                               ^
C/C++: D:/hobby/wise_wallet/node_modules/react-native-screens/android/build/generated/source/codegen/jni/react/renderer/components/rnscreens/EventEmitters.cpp:191:12: warning: '$' in identifier [-Wdollar-in-identifier-extension]
C/C++:     return $payload;
C/C++:            ^
C/C++: D:/hobby/wise_wallet/node_modules/react-native-screens/android/build/generated/source/codegen/jni/react/renderer/components/rnscreens/EventEmitters.cpp:196:61: warning: '$' in identifier [-Wdollar-in-identifier-extension]
C/C++: void RNSScreenEventEmitter::onGestureCancel(OnGestureCancel $event) const {
C/C++:                                                             ^
C/C++: D:/hobby/wise_wallet/node_modules/react-native-screens/android/build/generated/source/codegen/jni/react/renderer/components/rnscreens/EventEmitters.cpp:198:10: warning: '$' in identifier [-Wdollar-in-identifier-extension]
C/C++:     auto $payload = jsi::Object(runtime);
C/C++:          ^
C/C++: D:/hobby/wise_wallet/node_modules/react-native-screens/android/build/generated/source/codegen/jni/react/renderer/components/rnscreens/EventEmitters.cpp:200:12: warning: '$' in identifier [-Wdollar-in-identifier-extension]
C/C++:     return $payload;
C/C++:            ^
C/C++: D:/hobby/wise_wallet/node_modules/react-native-screens/android/build/generated/source/codegen/jni/react/renderer/components/rnscreens/EventEmitters.cpp:205:81: warning: '$' in identifier [-Wdollar-in-identifier-extension]
C/C++: void RNSScreenEventEmitter::onHeaderBackButtonClicked(OnHeaderBackButtonClicked $event) const {
C/C++:                                                                                 ^
C/C++: D:/hobby/wise_wallet/node_modules/react-native-screens/android/build/generated/source/codegen/jni/react/renderer/components/rnscreens/EventEmitters.cpp:207:10: warning: '$' in identifier [-Wdollar-in-identifier-extension]
C/C++:     auto $payload = jsi::Object(runtime);
C/C++:          ^
C/C++: D:/hobby/wise_wallet/node_modules/react-native-screens/android/build/generated/source/codegen/jni/react/renderer/components/rnscreens/EventEmitters.cpp:209:12: warning: '$' in identifier [-Wdollar-in-identifier-extension]
C/C++:     return $payload;
C/C++:            ^
C/C++: D:/hobby/wise_wallet/node_modules/react-native-screens/android/build/generated/source/codegen/jni/react/renderer/components/rnscreens/EventEmitters.cpp:214:71: warning: '$' in identifier [-Wdollar-in-identifier-extension]
C/C++: void RNSScreenEventEmitter::onSheetDetentChanged(OnSheetDetentChanged $event) const {
C/C++:                                                                       ^
C/C++: D:/hobby/wise_wallet/node_modules/react-native-screens/android/build/generated/source/codegen/jni/react/renderer/components/rnscreens/EventEmitters.cpp:215:40: warning: '$' in identifier [-Wdollar-in-identifier-extension]
C/C++:   dispatchEvent("sheetDetentChanged", [$event=std::move($event)](jsi::Runtime &runtime) {
C/C++:                                        ^
C/C++: D:/hobby/wise_wallet/node_modules/react-native-screens/android/build/generated/source/codegen/jni/react/renderer/components/rnscreens/EventEmitters.cpp:215:57: warning: '$' in identifier [-Wdollar-in-identifier-extension]
C/C++:   dispatchEvent("sheetDetentChanged", [$event=std::move($event)](jsi::Runtime &runtime) {
C/C++:                                                         ^
C/C++: D:/hobby/wise_wallet/node_modules/react-native-screens/android/build/generated/source/codegen/jni/react/renderer/components/rnscreens/EventEmitters.cpp:216:10: warning: '$' in identifier [-Wdollar-in-identifier-extension]
C/C++:     auto $payload = jsi::Object(runtime);
C/C++:          ^
C/C++: D:/hobby/wise_wallet/node_modules/react-native-screens/android/build/generated/source/codegen/jni/react/renderer/components/rnscreens/EventEmitters.cpp:217:5: warning: '$' in identifier [-Wdollar-in-identifier-extension]
C/C++:     $payload.setProperty(runtime, "index", $event.index);
C/C++:     ^
C/C++: D:/hobby/wise_wallet/node_modules/react-native-screens/android/build/generated/source/codegen/jni/react/renderer/components/rnscreens/EventEmitters.cpp:217:44: warning: '$' in identifier [-Wdollar-in-identifier-extension]
C/C++:     $payload.setProperty(runtime, "index", $event.index);
C/C++:                                            ^
C/C++: D:/hobby/wise_wallet/node_modules/react-native-screens/android/build/generated/source/codegen/jni/react/renderer/components/rnscreens/EventEmitters.cpp:218:1: warning: '$' in identifier [-Wdollar-in-identifier-extension]
C/C++: $payload.setProperty(runtime, "isStable", $event.isStable);
C/C++: ^
C/C++: D:/hobby/wise_wallet/node_modules/react-native-screens/android/build/generated/source/codegen/jni/react/renderer/components/rnscreens/EventEmitters.cpp:218:43: warning: '$' in identifier [-Wdollar-in-identifier-extension]
C/C++: $payload.setProperty(runtime, "isStable", $event.isStable);
C/C++:                                           ^
C/C++: D:/hobby/wise_wallet/node_modules/react-native-screens/android/build/generated/source/codegen/jni/react/renderer/components/rnscreens/EventEmitters.cpp:219:12: warning: '$' in identifier [-Wdollar-in-identifier-extension]
C/C++:     return $payload;
C/C++:            ^
C/C++: D:/hobby/wise_wallet/node_modules/react-native-screens/android/build/generated/source/codegen/jni/react/renderer/components/rnscreens/EventEmitters.cpp:225:68: warning: '$' in identifier [-Wdollar-in-identifier-extension]
C/C++: void RNSScreenStackHeaderConfigEventEmitter::onAttached(OnAttached $event) const {
C/C++:                                                                    ^
C/C++: D:/hobby/wise_wallet/node_modules/react-native-screens/android/build/generated/source/codegen/jni/react/renderer/components/rnscreens/EventEmitters.cpp:227:10: warning: '$' in identifier [-Wdollar-in-identifier-extension]
C/C++:     auto $payload = jsi::Object(runtime);
C/C++:          ^
C/C++: D:/hobby/wise_wallet/node_modules/react-native-screens/android/build/generated/source/codegen/jni/react/renderer/components/rnscreens/EventEmitters.cpp:229:12: warning: '$' in identifier [-Wdollar-in-identifier-extension]
C/C++:     return $payload;
C/C++:            ^
C/C++: D:/hobby/wise_wallet/node_modules/react-native-screens/android/build/generated/source/codegen/jni/react/renderer/components/rnscreens/EventEmitters.cpp:234:68: warning: '$' in identifier [-Wdollar-in-identifier-extension]
C/C++: void RNSScreenStackHeaderConfigEventEmitter::onDetached(OnDetached $event) const {
C/C++:                                                                    ^
C/C++: D:/hobby/wise_wallet/node_modules/react-native-screens/android/build/generated/source/codegen/jni/react/renderer/components/rnscreens/EventEmitters.cpp:236:10: warning: '$' in identifier [-Wdollar-in-identifier-extension]
C/C++:     auto $payload = jsi::Object(runtime);
C/C++:          ^
C/C++: D:/hobby/wise_wallet/node_modules/react-native-screens/android/build/generated/source/codegen/jni/react/renderer/components/rnscreens/EventEmitters.cpp:238:12: warning: '$' in identifier [-Wdollar-in-identifier-extension]
C/C++:     return $payload;
C/C++:            ^
C/C++: D:/hobby/wise_wallet/node_modules/react-native-screens/android/build/generated/source/codegen/jni/react/renderer/components/rnscreens/EventEmitters.cpp:244:78: warning: '$' in identifier [-Wdollar-in-identifier-extension]
C/C++: void RNSScreenStackEventEmitter::onFinishTransitioning(OnFinishTransitioning $event) const {
C/C++:                                                                              ^
C/C++: D:/hobby/wise_wallet/node_modules/react-native-screens/android/build/generated/source/codegen/jni/react/renderer/components/rnscreens/EventEmitters.cpp:246:10: warning: '$' in identifier [-Wdollar-in-identifier-extension]
C/C++:     auto $payload = jsi::Object(runtime);
C/C++:          ^
C/C++: D:/hobby/wise_wallet/node_modules/react-native-screens/android/build/generated/source/codegen/jni/react/renderer/components/rnscreens/EventEmitters.cpp:248:12: warning: '$' in identifier [-Wdollar-in-identifier-extension]
C/C++:     return $payload;
C/C++:            ^
C/C++: D:/hobby/wise_wallet/node_modules/react-native-screens/android/build/generated/source/codegen/jni/react/renderer/components/rnscreens/EventEmitters.cpp:253:60: warning: '$' in identifier [-Wdollar-in-identifier-extension]
C/C++: void RNSSearchBarEventEmitter::onSearchFocus(OnSearchFocus $event) const {
C/C++:                                                            ^
C/C++: D:/hobby/wise_wallet/node_modules/react-native-screens/android/build/generated/source/codegen/jni/react/renderer/components/rnscreens/EventEmitters.cpp:255:10: warning: '$' in identifier [-Wdollar-in-identifier-extension]
C/C++:     auto $payload = jsi::Object(runtime);
C/C++:          ^
C/C++: D:/hobby/wise_wallet/node_modules/react-native-screens/android/build/generated/source/codegen/jni/react/renderer/components/rnscreens/EventEmitters.cpp:257:12: warning: '$' in identifier [-Wdollar-in-identifier-extension]
C/C++:     return $payload;
C/C++:            ^
C/C++: D:/hobby/wise_wallet/node_modules/react-native-screens/android/build/generated/source/codegen/jni/react/renderer/components/rnscreens/EventEmitters.cpp:262:58: warning: '$' in identifier [-Wdollar-in-identifier-extension]
C/C++: void RNSSearchBarEventEmitter::onSearchBlur(OnSearchBlur $event) const {
C/C++:                                                          ^
C/C++: D:/hobby/wise_wallet/node_modules/react-native-screens/android/build/generated/source/codegen/jni/react/renderer/components/rnscreens/EventEmitters.cpp:264:10: warning: '$' in identifier [-Wdollar-in-identifier-extension]
C/C++:     auto $payload = jsi::Object(runtime);
C/C++:          ^
C/C++: D:/hobby/wise_wallet/node_modules/react-native-screens/android/build/generated/source/codegen/jni/react/renderer/components/rnscreens/EventEmitters.cpp:266:12: warning: '$' in identifier [-Wdollar-in-identifier-extension]
C/C++:     return $payload;
C/C++:            ^
C/C++: D:/hobby/wise_wallet/node_modules/react-native-screens/android/build/generated/source/codegen/jni/react/renderer/components/rnscreens/EventEmitters.cpp:271:72: warning: '$' in identifier [-Wdollar-in-identifier-extension]
C/C++: void RNSSearchBarEventEmitter::onSearchButtonPress(OnSearchButtonPress $event) const {
C/C++:                                                                        ^
C/C++: D:/hobby/wise_wallet/node_modules/react-native-screens/android/build/generated/source/codegen/jni/react/renderer/components/rnscreens/EventEmitters.cpp:272:39: warning: '$' in identifier [-Wdollar-in-identifier-extension]
C/C++:   dispatchEvent("searchButtonPress", [$event=std::move($event)](jsi::Runtime &runtime) {
C/C++:                                       ^
C/C++: D:/hobby/wise_wallet/node_modules/react-native-screens/android/build/generated/source/codegen/jni/react/renderer/components/rnscreens/EventEmitters.cpp:272:56: warning: '$' in identifier [-Wdollar-in-identifier-extension]
C/C++:   dispatchEvent("searchButtonPress", [$event=std::move($event)](jsi::Runtime &runtime) {
C/C++:                                                        ^
C/C++: D:/hobby/wise_wallet/node_modules/react-native-screens/android/build/generated/source/codegen/jni/react/renderer/components/rnscreens/EventEmitters.cpp:273:10: warning: '$' in identifier [-Wdollar-in-identifier-extension]
C/C++:     auto $payload = jsi::Object(runtime);
C/C++:          ^
C/C++: D:/hobby/wise_wallet/node_modules/react-native-screens/android/build/generated/source/codegen/jni/react/renderer/components/rnscreens/EventEmitters.cpp:274:5: warning: '$' in identifier [-Wdollar-in-identifier-extension]
C/C++:     $payload.setProperty(runtime, "text", $event.text);
C/C++:     ^
C/C++: D:/hobby/wise_wallet/node_modules/react-native-screens/android/build/generated/source/codegen/jni/react/renderer/components/rnscreens/EventEmitters.cpp:274:43: warning: '$' in identifier [-Wdollar-in-identifier-extension]
C/C++:     $payload.setProperty(runtime, "text", $event.text);
C/C++:                                           ^
C/C++: D:/hobby/wise_wallet/node_modules/react-native-screens/android/build/generated/source/codegen/jni/react/renderer/components/rnscreens/EventEmitters.cpp:275:12: warning: '$' in identifier [-Wdollar-in-identifier-extension]
C/C++:     return $payload;
C/C++:            ^
C/C++: D:/hobby/wise_wallet/node_modules/react-native-screens/android/build/generated/source/codegen/jni/react/renderer/components/rnscreens/EventEmitters.cpp:280:72: warning: '$' in identifier [-Wdollar-in-identifier-extension]
C/C++: void RNSSearchBarEventEmitter::onCancelButtonPress(OnCancelButtonPress $event) const {
C/C++:                                                                        ^
C/C++: D:/hobby/wise_wallet/node_modules/react-native-screens/android/build/generated/source/codegen/jni/react/renderer/components/rnscreens/EventEmitters.cpp:282:10: warning: '$' in identifier [-Wdollar-in-identifier-extension]
C/C++:     auto $payload = jsi::Object(runtime);
C/C++:          ^
C/C++: D:/hobby/wise_wallet/node_modules/react-native-screens/android/build/generated/source/codegen/jni/react/renderer/components/rnscreens/EventEmitters.cpp:284:12: warning: '$' in identifier [-Wdollar-in-identifier-extension]
C/C++:     return $payload;
C/C++:            ^
C/C++: D:/hobby/wise_wallet/node_modules/react-native-screens/android/build/generated/source/codegen/jni/react/renderer/components/rnscreens/EventEmitters.cpp:289:58: warning: '$' in identifier [-Wdollar-in-identifier-extension]
C/C++: void RNSSearchBarEventEmitter::onChangeText(OnChangeText $event) const {
C/C++:                                                          ^
C/C++: D:/hobby/wise_wallet/node_modules/react-native-screens/android/build/generated/source/codegen/jni/react/renderer/components/rnscreens/EventEmitters.cpp:290:32: warning: '$' in identifier [-Wdollar-in-identifier-extension]
C/C++:   dispatchEvent("changeText", [$event=std::move($event)](jsi::Runtime &runtime) {
C/C++:                                ^
C/C++: D:/hobby/wise_wallet/node_modules/react-native-screens/android/build/generated/source/codegen/jni/react/renderer/components/rnscreens/EventEmitters.cpp:290:49: warning: '$' in identifier [-Wdollar-in-identifier-extension]
C/C++:   dispatchEvent("changeText", [$event=std::move($event)](jsi::Runtime &runtime) {
C/C++:                                                 ^
C/C++: D:/hobby/wise_wallet/node_modules/react-native-screens/android/build/generated/source/codegen/jni/react/renderer/components/rnscreens/EventEmitters.cpp:291:10: warning: '$' in identifier [-Wdollar-in-identifier-extension]
C/C++:     auto $payload = jsi::Object(runtime);
C/C++:          ^
C/C++: D:/hobby/wise_wallet/node_modules/react-native-screens/android/build/generated/source/codegen/jni/react/renderer/components/rnscreens/EventEmitters.cpp:292:5: warning: '$' in identifier [-Wdollar-in-identifier-extension]
C/C++:     $payload.setProperty(runtime, "text", $event.text);
C/C++:     ^
C/C++: D:/hobby/wise_wallet/node_modules/react-native-screens/android/build/generated/source/codegen/jni/react/renderer/components/rnscreens/EventEmitters.cpp:292:43: warning: '$' in identifier [-Wdollar-in-identifier-extension]
C/C++:     $payload.setProperty(runtime, "text", $event.text);
C/C++:                                           ^
C/C++: D:/hobby/wise_wallet/node_modules/react-native-screens/android/build/generated/source/codegen/jni/react/renderer/components/rnscreens/EventEmitters.cpp:293:12: warning: '$' in identifier [-Wdollar-in-identifier-extension]
C/C++:     return $payload;
C/C++:            ^
C/C++: D:/hobby/wise_wallet/node_modules/react-native-screens/android/build/generated/source/codegen/jni/react/renderer/components/rnscreens/EventEmitters.cpp:298:48: warning: '$' in identifier [-Wdollar-in-identifier-extension]
C/C++: void RNSSearchBarEventEmitter::onClose(OnClose $event) const {
C/C++:                                                ^
C/C++: D:/hobby/wise_wallet/node_modules/react-native-screens/android/build/generated/source/codegen/jni/react/renderer/components/rnscreens/EventEmitters.cpp:300:10: warning: '$' in identifier [-Wdollar-in-identifier-extension]
C/C++:     auto $payload = jsi::Object(runtime);
C/C++:          ^
C/C++: D:/hobby/wise_wallet/node_modules/react-native-screens/android/build/generated/source/codegen/jni/react/renderer/components/rnscreens/EventEmitters.cpp:302:12: warning: '$' in identifier [-Wdollar-in-identifier-extension]
C/C++:     return $payload;
C/C++:            ^
C/C++: D:/hobby/wise_wallet/node_modules/react-native-screens/android/build/generated/source/codegen/jni/react/renderer/components/rnscreens/EventEmitters.cpp:307:46: warning: '$' in identifier [-Wdollar-in-identifier-extension]
C/C++: void RNSSearchBarEventEmitter::onOpen(OnOpen $event) const {
C/C++:                                              ^
C/C++: D:/hobby/wise_wallet/node_modules/react-native-screens/android/build/generated/source/codegen/jni/react/renderer/components/rnscreens/EventEmitters.cpp:309:10: warning: '$' in identifier [-Wdollar-in-identifier-extension]
C/C++:     auto $payload = jsi::Object(runtime);
C/C++:          ^
C/C++: D:/hobby/wise_wallet/node_modules/react-native-screens/android/build/generated/source/codegen/jni/react/renderer/components/rnscreens/EventEmitters.cpp:311:12: warning: '$' in identifier [-Wdollar-in-identifier-extension]
C/C++:     return $payload;
C/C++:            ^
C/C++: 156 warnings generated.

> Task :expo:lintVitalAnalyzeRelease
> Task :expo-asset:lintVitalAnalyzeRelease
> Task :expo-application:lintVitalAnalyzeRelease
> Task :expo-constants:lintVitalAnalyzeRelease
> Task :app:configureCMakeRelWithDebInfo[armeabi-v7a]
> Task :expo-document-picker:lintVitalAnalyzeRelease

> Task :app:buildCMakeRelWithDebInfo[armeabi-v7a]
C/C++: ninja: Entering directory `D:\hobby\wise_wallet\android\app\.cxx\RelWithDebInfo\5d485d71\armeabi-v7a'
C/C++: D:/hobby/wise_wallet/node_modules/react-native-safe-area-context/android/build/generated/source/codegen/jni/react/renderer/components/safeareacontext/EventEmitters.cpp:16:69: warning: '$' in identifier [-Wdollar-in-identifier-extension]
C/C++: void RNCSafeAreaProviderEventEmitter::onInsetsChange(OnInsetsChange $event) const {
C/C++:                                                                     ^
C/C++: D:/hobby/wise_wallet/node_modules/react-native-safe-area-context/android/build/generated/source/codegen/jni/react/renderer/components/safeareacontext/EventEmitters.cpp:17:34: warning: '$' in identifier [-Wdollar-in-identifier-extension]
C/C++:   dispatchEvent("insetsChange", [$event=std::move($event)](jsi::Runtime &runtime) {
C/C++:                                  ^
C/C++: D:/hobby/wise_wallet/node_modules/react-native-safe-area-context/android/build/generated/source/codegen/jni/react/renderer/components/safeareacontext/EventEmitters.cpp:17:51: warning: '$' in identifier [-Wdollar-in-identifier-extension]
C/C++:   dispatchEvent("insetsChange", [$event=std::move($event)](jsi::Runtime &runtime) {
C/C++:                                                   ^
C/C++: D:/hobby/wise_wallet/node_modules/react-native-safe-area-context/android/build/generated/source/codegen/jni/react/renderer/components/safeareacontext/EventEmitters.cpp:18:10: warning: '$' in identifier [-Wdollar-in-identifier-extension]
C/C++:     auto $payload = jsi::Object(runtime);
C/C++:          ^
C/C++: D:/hobby/wise_wallet/node_modules/react-native-safe-area-context/android/build/generated/source/codegen/jni/react/renderer/components/safeareacontext/EventEmitters.cpp:21:38: warning: '$' in identifier [-Wdollar-in-identifier-extension]
C/C++:   insets.setProperty(runtime, "top", $event.insets.top);
C/C++:                                      ^
C/C++: D:/hobby/wise_wallet/node_modules/react-native-safe-area-context/android/build/generated/source/codegen/jni/react/renderer/components/safeareacontext/EventEmitters.cpp:22:40: warning: '$' in identifier [-Wdollar-in-identifier-extension]
C/C++:   insets.setProperty(runtime, "right", $event.insets.right);
C/C++:                                        ^
C/C++: D:/hobby/wise_wallet/node_modules/react-native-safe-area-context/android/build/generated/source/codegen/jni/react/renderer/components/safeareacontext/EventEmitters.cpp:23:41: warning: '$' in identifier [-Wdollar-in-identifier-extension]
C/C++:   insets.setProperty(runtime, "bottom", $event.insets.bottom);
C/C++:                                         ^
C/C++: D:/hobby/wise_wallet/node_modules/react-native-safe-area-context/android/build/generated/source/codegen/jni/react/renderer/components/safeareacontext/EventEmitters.cpp:24:39: warning: '$' in identifier [-Wdollar-in-identifier-extension]
C/C++:   insets.setProperty(runtime, "left", $event.insets.left);
C/C++:                                       ^
C/C++: D:/hobby/wise_wallet/node_modules/react-native-safe-area-context/android/build/generated/source/codegen/jni/react/renderer/components/safeareacontext/EventEmitters.cpp:25:3: warning: '$' in identifier [-Wdollar-in-identifier-extension]
C/C++:   $payload.setProperty(runtime, "insets", insets);
C/C++:   ^
C/C++: D:/hobby/wise_wallet/node_modules/react-native-safe-area-context/android/build/generated/source/codegen/jni/react/renderer/components/safeareacontext/EventEmitters.cpp:29:35: warning: '$' in identifier [-Wdollar-in-identifier-extension]
C/C++:   frame.setProperty(runtime, "x", $event.frame.x);
C/C++:                                   ^
C/C++: D:/hobby/wise_wallet/node_modules/react-native-safe-area-context/android/build/generated/source/codegen/jni/react/renderer/components/safeareacontext/EventEmitters.cpp:30:35: warning: '$' in identifier [-Wdollar-in-identifier-extension]
C/C++:   frame.setProperty(runtime, "y", $event.frame.y);
C/C++:                                   ^
C/C++: D:/hobby/wise_wallet/node_modules/react-native-safe-area-context/android/build/generated/source/codegen/jni/react/renderer/components/safeareacontext/EventEmitters.cpp:31:39: warning: '$' in identifier [-Wdollar-in-identifier-extension]
C/C++:   frame.setProperty(runtime, "width", $event.frame.width);
C/C++:                                       ^
C/C++: D:/hobby/wise_wallet/node_modules/react-native-safe-area-context/android/build/generated/source/codegen/jni/react/renderer/components/safeareacontext/EventEmitters.cpp:32:40: warning: '$' in identifier [-Wdollar-in-identifier-extension]
C/C++:   frame.setProperty(runtime, "height", $event.frame.height);
C/C++:                                        ^
C/C++: D:/hobby/wise_wallet/node_modules/react-native-safe-area-context/android/build/generated/source/codegen/jni/react/renderer/components/safeareacontext/EventEmitters.cpp:33:3: warning: '$' in identifier [-Wdollar-in-identifier-extension]
C/C++:   $payload.setProperty(runtime, "frame", frame);
C/C++:   ^
C/C++: D:/hobby/wise_wallet/node_modules/react-native-safe-area-context/android/build/generated/source/codegen/jni/react/renderer/components/safeareacontext/EventEmitters.cpp:35:12: warning: '$' in identifier [-Wdollar-in-identifier-extension]
C/C++:     return $payload;
C/C++:            ^
C/C++: 15 warnings generated.

> Task :expo-file-system:lintVitalAnalyzeRelease
> Task :expo-image:lintVitalAnalyzeRelease

> Task :app:buildCMakeRelWithDebInfo[armeabi-v7a]
C/C++: D:/hobby/wise_wallet/node_modules/react-native-svg/android/build/generated/source/codegen/jni/react/renderer/components/rnsvg/EventEmitters.cpp:30:44: warning: '$' in identifier [-Wdollar-in-identifier-extension]
C/C++: void RNSVGImageEventEmitter::onLoad(OnLoad $event) const {
C/C++:                                            ^
C/C++: D:/hobby/wise_wallet/node_modules/react-native-svg/android/build/generated/source/codegen/jni/react/renderer/components/rnsvg/EventEmitters.cpp:31:26: warning: '$' in identifier [-Wdollar-in-identifier-extension]
C/C++:   dispatchEvent("load", [$event=std::move($event)](jsi::Runtime &runtime) {
C/C++:                          ^
C/C++: D:/hobby/wise_wallet/node_modules/react-native-svg/android/build/generated/source/codegen/jni/react/renderer/components/rnsvg/EventEmitters.cpp:31:43: warning: '$' in identifier [-Wdollar-in-identifier-extension]
C/C++:   dispatchEvent("load", [$event=std::move($event)](jsi::Runtime &runtime) {
C/C++:                                           ^
C/C++: D:/hobby/wise_wallet/node_modules/react-native-svg/android/build/generated/source/codegen/jni/react/renderer/components/rnsvg/EventEmitters.cpp:32:10: warning: '$' in identifier [-Wdollar-in-identifier-extension]
C/C++:     auto $payload = jsi::Object(runtime);
C/C++:          ^
C/C++: D:/hobby/wise_wallet/node_modules/react-native-svg/android/build/generated/source/codegen/jni/react/renderer/components/rnsvg/EventEmitters.cpp:35:40: warning: '$' in identifier [-Wdollar-in-identifier-extension]
C/C++:   source.setProperty(runtime, "width", $event.source.width);
C/C++:                                        ^
C/C++: D:/hobby/wise_wallet/node_modules/react-native-svg/android/build/generated/source/codegen/jni/react/renderer/components/rnsvg/EventEmitters.cpp:36:41: warning: '$' in identifier [-Wdollar-in-identifier-extension]
C/C++:   source.setProperty(runtime, "height", $event.source.height);
C/C++:                                         ^
C/C++: D:/hobby/wise_wallet/node_modules/react-native-svg/android/build/generated/source/codegen/jni/react/renderer/components/rnsvg/EventEmitters.cpp:37:38: warning: '$' in identifier [-Wdollar-in-identifier-extension]
C/C++:   source.setProperty(runtime, "uri", $event.source.uri);
C/C++:                                      ^
C/C++: D:/hobby/wise_wallet/node_modules/react-native-svg/android/build/generated/source/codegen/jni/react/renderer/components/rnsvg/EventEmitters.cpp:38:3: warning: '$' in identifier [-Wdollar-in-identifier-extension]
C/C++:   $payload.setProperty(runtime, "source", source);
C/C++:   ^
C/C++: D:/hobby/wise_wallet/node_modules/react-native-svg/android/build/generated/source/codegen/jni/react/renderer/components/rnsvg/EventEmitters.cpp:40:12: warning: '$' in identifier [-Wdollar-in-identifier-extension]
C/C++:     return $payload;
C/C++:            ^
C/C++: 9 warnings generated.
C/C++: D:/hobby/wise_wallet/node_modules/react-native-screens/android/build/generated/source/codegen/jni/react/renderer/components/rnscreens/EventEmitters.cpp:17:52: warning: '$' in identifier [-Wdollar-in-identifier-extension]
C/C++: void RNSModalScreenEventEmitter::onAppear(OnAppear $event) const {
C/C++:                                                    ^
C/C++: D:/hobby/wise_wallet/node_modules/react-native-screens/android/build/generated/source/codegen/jni/react/renderer/components/rnscreens/EventEmitters.cpp:19:10: warning: '$' in identifier [-Wdollar-in-identifier-extension]
C/C++:     auto $payload = jsi::Object(runtime);
C/C++:          ^
C/C++: D:/hobby/wise_wallet/node_modules/react-native-screens/android/build/generated/source/codegen/jni/react/renderer/components/rnscreens/EventEmitters.cpp:21:12: warning: '$' in identifier [-Wdollar-in-identifier-extension]
C/C++:     return $payload;
C/C++:            ^
C/C++: D:/hobby/wise_wallet/node_modules/react-native-screens/android/build/generated/source/codegen/jni/react/renderer/components/rnscreens/EventEmitters.cpp:26:58: warning: '$' in identifier [-Wdollar-in-identifier-extension]
C/C++: void RNSModalScreenEventEmitter::onDisappear(OnDisappear $event) const {
C/C++:                                                          ^
C/C++: D:/hobby/wise_wallet/node_modules/react-native-screens/android/build/generated/source/codegen/jni/react/renderer/components/rnscreens/EventEmitters.cpp:28:10: warning: '$' in identifier [-Wdollar-in-identifier-extension]
C/C++:     auto $payload = jsi::Object(runtime);
C/C++:          ^
C/C++: D:/hobby/wise_wallet/node_modules/react-native-screens/android/build/generated/source/codegen/jni/react/renderer/components/rnscreens/EventEmitters.cpp:30:12: warning: '$' in identifier [-Wdollar-in-identifier-extension]
C/C++:     return $payload;
C/C++:            ^
C/C++: D:/hobby/wise_wallet/node_modules/react-native-screens/android/build/generated/source/codegen/jni/react/renderer/components/rnscreens/EventEmitters.cpp:35:58: warning: '$' in identifier [-Wdollar-in-identifier-extension]
C/C++: void RNSModalScreenEventEmitter::onDismissed(OnDismissed $event) const {
C/C++:                                                          ^
C/C++: D:/hobby/wise_wallet/node_modules/react-native-screens/android/build/generated/source/codegen/jni/react/renderer/components/rnscreens/EventEmitters.cpp:36:31: warning: '$' in identifier [-Wdollar-in-identifier-extension]
C/C++:   dispatchEvent("dismissed", [$event=std::move($event)](jsi::Runtime &runtime) {
C/C++:                               ^
C/C++: D:/hobby/wise_wallet/node_modules/react-native-screens/android/build/generated/source/codegen/jni/react/renderer/components/rnscreens/EventEmitters.cpp:36:48: warning: '$' in identifier [-Wdollar-in-identifier-extension]
C/C++:   dispatchEvent("dismissed", [$event=std::move($event)](jsi::Runtime &runtime) {
C/C++:                                                ^
C/C++: D:/hobby/wise_wallet/node_modules/react-native-screens/android/build/generated/source/codegen/jni/react/renderer/components/rnscreens/EventEmitters.cpp:37:10: warning: '$' in identifier [-Wdollar-in-identifier-extension]
C/C++:     auto $payload = jsi::Object(runtime);
C/C++:          ^
C/C++: D:/hobby/wise_wallet/node_modules/react-native-screens/android/build/generated/source/codegen/jni/react/renderer/components/rnscreens/EventEmitters.cpp:38:5: warning: '$' in identifier [-Wdollar-in-identifier-extension]
C/C++:     $payload.setProperty(runtime, "dismissCount", $event.dismissCount);
C/C++:     ^
C/C++: D:/hobby/wise_wallet/node_modules/react-native-screens/android/build/generated/source/codegen/jni/react/renderer/components/rnscreens/EventEmitters.cpp:38:51: warning: '$' in identifier [-Wdollar-in-identifier-extension]
C/C++:     $payload.setProperty(runtime, "dismissCount", $event.dismissCount);
C/C++:                                                   ^
C/C++: D:/hobby/wise_wallet/node_modules/react-native-screens/android/build/generated/source/codegen/jni/react/renderer/components/rnscreens/EventEmitters.cpp:39:12: warning: '$' in identifier [-Wdollar-in-identifier-extension]
C/C++:     return $payload;
C/C++:            ^
C/C++: D:/hobby/wise_wallet/node_modules/react-native-screens/android/build/generated/source/codegen/jni/react/renderer/components/rnscreens/EventEmitters.cpp:44:84: warning: '$' in identifier [-Wdollar-in-identifier-extension]
C/C++: void RNSModalScreenEventEmitter::onNativeDismissCancelled(OnNativeDismissCancelled $event) const {
C/C++:                                                                                    ^
C/C++: D:/hobby/wise_wallet/node_modules/react-native-screens/android/build/generated/source/codegen/jni/react/renderer/components/rnscreens/EventEmitters.cpp:45:44: warning: '$' in identifier [-Wdollar-in-identifier-extension]
C/C++:   dispatchEvent("nativeDismissCancelled", [$event=std::move($event)](jsi::Runtime &runtime) {
C/C++:                                            ^
C/C++: D:/hobby/wise_wallet/node_modules/react-native-screens/android/build/generated/source/codegen/jni/react/renderer/components/rnscreens/EventEmitters.cpp:45:61: warning: '$' in identifier [-Wdollar-in-identifier-extension]
C/C++:   dispatchEvent("nativeDismissCancelled", [$event=std::move($event)](jsi::Runtime &runtime) {
C/C++:                                                             ^
C/C++: D:/hobby/wise_wallet/node_modules/react-native-screens/android/build/generated/source/codegen/jni/react/renderer/components/rnscreens/EventEmitters.cpp:46:10: warning: '$' in identifier [-Wdollar-in-identifier-extension]
C/C++:     auto $payload = jsi::Object(runtime);
C/C++:          ^
C/C++: D:/hobby/wise_wallet/node_modules/react-native-screens/android/build/generated/source/codegen/jni/react/renderer/components/rnscreens/EventEmitters.cpp:47:5: warning: '$' in identifier [-Wdollar-in-identifier-extension]
C/C++:     $payload.setProperty(runtime, "dismissCount", $event.dismissCount);
C/C++:     ^
C/C++: D:/hobby/wise_wallet/node_modules/react-native-screens/android/build/generated/source/codegen/jni/react/renderer/components/rnscreens/EventEmitters.cpp:47:51: warning: '$' in identifier [-Wdollar-in-identifier-extension]
C/C++:     $payload.setProperty(runtime, "dismissCount", $event.dismissCount);
C/C++:                                                   ^
C/C++: D:/hobby/wise_wallet/node_modules/react-native-screens/android/build/generated/source/codegen/jni/react/renderer/components/rnscreens/EventEmitters.cpp:48:12: warning: '$' in identifier [-Wdollar-in-identifier-extension]
C/C++:     return $payload;
C/C++:            ^
C/C++: D:/hobby/wise_wallet/node_modules/react-native-screens/android/build/generated/source/codegen/jni/react/renderer/components/rnscreens/EventEmitters.cpp:53:60: warning: '$' in identifier [-Wdollar-in-identifier-extension]
C/C++: void RNSModalScreenEventEmitter::onWillAppear(OnWillAppear $event) const {
C/C++:                                                            ^
C/C++: D:/hobby/wise_wallet/node_modules/react-native-screens/android/build/generated/source/codegen/jni/react/renderer/components/rnscreens/EventEmitters.cpp:55:10: warning: '$' in identifier [-Wdollar-in-identifier-extension]
C/C++:     auto $payload = jsi::Object(runtime);
C/C++:          ^
C/C++: D:/hobby/wise_wallet/node_modules/react-native-screens/android/build/generated/source/codegen/jni/react/renderer/components/rnscreens/EventEmitters.cpp:57:12: warning: '$' in identifier [-Wdollar-in-identifier-extension]
C/C++:     return $payload;
C/C++:            ^
C/C++: D:/hobby/wise_wallet/node_modules/react-native-screens/android/build/generated/source/codegen/jni/react/renderer/components/rnscreens/EventEmitters.cpp:62:66: warning: '$' in identifier [-Wdollar-in-identifier-extension]
C/C++: void RNSModalScreenEventEmitter::onWillDisappear(OnWillDisappear $event) const {
C/C++:                                                                  ^
C/C++: D:/hobby/wise_wallet/node_modules/react-native-screens/android/build/generated/source/codegen/jni/react/renderer/components/rnscreens/EventEmitters.cpp:64:10: warning: '$' in identifier [-Wdollar-in-identifier-extension]
C/C++:     auto $payload = jsi::Object(runtime);
C/C++:          ^
C/C++: D:/hobby/wise_wallet/node_modules/react-native-screens/android/build/generated/source/codegen/jni/react/renderer/components/rnscreens/EventEmitters.cpp:66:12: warning: '$' in identifier [-Wdollar-in-identifier-extension]
C/C++:     return $payload;
C/C++:            ^
C/C++: D:/hobby/wise_wallet/node_modules/react-native-screens/android/build/generated/source/codegen/jni/react/renderer/components/rnscreens/EventEmitters.cpp:71:76: warning: '$' in identifier [-Wdollar-in-identifier-extension]
C/C++: void RNSModalScreenEventEmitter::onHeaderHeightChange(OnHeaderHeightChange $event) const {
C/C++:                                                                            ^
C/C++: D:/hobby/wise_wallet/node_modules/react-native-screens/android/build/generated/source/codegen/jni/react/renderer/components/rnscreens/EventEmitters.cpp:72:40: warning: '$' in identifier [-Wdollar-in-identifier-extension]
C/C++:   dispatchEvent("headerHeightChange", [$event=std::move($event)](jsi::Runtime &runtime) {
C/C++:                                        ^
C/C++: D:/hobby/wise_wallet/node_modules/react-native-screens/android/build/generated/source/codegen/jni/react/renderer/components/rnscreens/EventEmitters.cpp:72:57: warning: '$' in identifier [-Wdollar-in-identifier-extension]
C/C++:   dispatchEvent("headerHeightChange", [$event=std::move($event)](jsi::Runtime &runtime) {
C/C++:                                                         ^
C/C++: D:/hobby/wise_wallet/node_modules/react-native-screens/android/build/generated/source/codegen/jni/react/renderer/components/rnscreens/EventEmitters.cpp:73:10: warning: '$' in identifier [-Wdollar-in-identifier-extension]
C/C++:     auto $payload = jsi::Object(runtime);
C/C++:          ^
C/C++: D:/hobby/wise_wallet/node_modules/react-native-screens/android/build/generated/source/codegen/jni/react/renderer/components/rnscreens/EventEmitters.cpp:74:5: warning: '$' in identifier [-Wdollar-in-identifier-extension]
C/C++:     $payload.setProperty(runtime, "headerHeight", $event.headerHeight);
C/C++:     ^
C/C++: D:/hobby/wise_wallet/node_modules/react-native-screens/android/build/generated/source/codegen/jni/react/renderer/components/rnscreens/EventEmitters.cpp:74:51: warning: '$' in identifier [-Wdollar-in-identifier-extension]
C/C++:     $payload.setProperty(runtime, "headerHeight", $event.headerHeight);
C/C++:                                                   ^
C/C++: D:/hobby/wise_wallet/node_modules/react-native-screens/android/build/generated/source/codegen/jni/react/renderer/components/rnscreens/EventEmitters.cpp:75:12: warning: '$' in identifier [-Wdollar-in-identifier-extension]
C/C++:     return $payload;
C/C++:            ^
C/C++: D:/hobby/wise_wallet/node_modules/react-native-screens/android/build/generated/source/codegen/jni/react/renderer/components/rnscreens/EventEmitters.cpp:80:76: warning: '$' in identifier [-Wdollar-in-identifier-extension]
C/C++: void RNSModalScreenEventEmitter::onTransitionProgress(OnTransitionProgress $event) const {
C/C++:                                                                            ^
C/C++: D:/hobby/wise_wallet/node_modules/react-native-screens/android/build/generated/source/codegen/jni/react/renderer/components/rnscreens/EventEmitters.cpp:81:40: warning: '$' in identifier [-Wdollar-in-identifier-extension]
C/C++:   dispatchEvent("transitionProgress", [$event=std::move($event)](jsi::Runtime &runtime) {
C/C++:                                        ^
C/C++: D:/hobby/wise_wallet/node_modules/react-native-screens/android/build/generated/source/codegen/jni/react/renderer/components/rnscreens/EventEmitters.cpp:81:57: warning: '$' in identifier [-Wdollar-in-identifier-extension]
C/C++:   dispatchEvent("transitionProgress", [$event=std::move($event)](jsi::Runtime &runtime) {
C/C++:                                                         ^
C/C++: D:/hobby/wise_wallet/node_modules/react-native-screens/android/build/generated/source/codegen/jni/react/renderer/components/rnscreens/EventEmitters.cpp:82:10: warning: '$' in identifier [-Wdollar-in-identifier-extension]
C/C++:     auto $payload = jsi::Object(runtime);
C/C++:          ^
C/C++: D:/hobby/wise_wallet/node_modules/react-native-screens/android/build/generated/source/codegen/jni/react/renderer/components/rnscreens/EventEmitters.cpp:83:5: warning: '$' in identifier [-Wdollar-in-identifier-extension]
C/C++:     $payload.setProperty(runtime, "progress", $event.progress);
C/C++:     ^
C/C++: D:/hobby/wise_wallet/node_modules/react-native-screens/android/build/generated/source/codegen/jni/react/renderer/components/rnscreens/EventEmitters.cpp:83:47: warning: '$' in identifier [-Wdollar-in-identifier-extension]
C/C++:     $payload.setProperty(runtime, "progress", $event.progress);
C/C++:                                               ^
C/C++: D:/hobby/wise_wallet/node_modules/react-native-screens/android/build/generated/source/codegen/jni/react/renderer/components/rnscreens/EventEmitters.cpp:84:1: warning: '$' in identifier [-Wdollar-in-identifier-extension]
C/C++: $payload.setProperty(runtime, "closing", $event.closing);
C/C++: ^
C/C++: D:/hobby/wise_wallet/node_modules/react-native-screens/android/build/generated/source/codegen/jni/react/renderer/components/rnscreens/EventEmitters.cpp:84:42: warning: '$' in identifier [-Wdollar-in-identifier-extension]
C/C++: $payload.setProperty(runtime, "closing", $event.closing);
C/C++:                                          ^
C/C++: D:/hobby/wise_wallet/node_modules/react-native-screens/android/build/generated/source/codegen/jni/react/renderer/components/rnscreens/EventEmitters.cpp:85:1: warning: '$' in identifier [-Wdollar-in-identifier-extension]
C/C++: $payload.setProperty(runtime, "goingForward", $event.goingForward);
C/C++: ^
C/C++: D:/hobby/wise_wallet/node_modules/react-native-screens/android/build/generated/source/codegen/jni/react/renderer/components/rnscreens/EventEmitters.cpp:85:47: warning: '$' in identifier [-Wdollar-in-identifier-extension]
C/C++: $payload.setProperty(runtime, "goingForward", $event.goingForward);
C/C++:                                               ^
C/C++: D:/hobby/wise_wallet/node_modules/react-native-screens/android/build/generated/source/codegen/jni/react/renderer/components/rnscreens/EventEmitters.cpp:86:12: warning: '$' in identifier [-Wdollar-in-identifier-extension]
C/C++:     return $payload;
C/C++:            ^
C/C++: D:/hobby/wise_wallet/node_modules/react-native-screens/android/build/generated/source/codegen/jni/react/renderer/components/rnscreens/EventEmitters.cpp:91:66: warning: '$' in identifier [-Wdollar-in-identifier-extension]
C/C++: void RNSModalScreenEventEmitter::onGestureCancel(OnGestureCancel $event) const {
C/C++:                                                                  ^
C/C++: D:/hobby/wise_wallet/node_modules/react-native-screens/android/build/generated/source/codegen/jni/react/renderer/components/rnscreens/EventEmitters.cpp:93:10: warning: '$' in identifier [-Wdollar-in-identifier-extension]
C/C++:     auto $payload = jsi::Object(runtime);
C/C++:          ^
C/C++: D:/hobby/wise_wallet/node_modules/react-native-screens/android/build/generated/source/codegen/jni/react/renderer/components/rnscreens/EventEmitters.cpp:95:12: warning: '$' in identifier [-Wdollar-in-identifier-extension]
C/C++:     return $payload;
C/C++:            ^
C/C++: D:/hobby/wise_wallet/node_modules/react-native-screens/android/build/generated/source/codegen/jni/react/renderer/components/rnscreens/EventEmitters.cpp:100:86: warning: '$' in identifier [-Wdollar-in-identifier-extension]
C/C++: void RNSModalScreenEventEmitter::onHeaderBackButtonClicked(OnHeaderBackButtonClicked $event) const {
C/C++:                                                                                      ^
C/C++: D:/hobby/wise_wallet/node_modules/react-native-screens/android/build/generated/source/codegen/jni/react/renderer/components/rnscreens/EventEmitters.cpp:102:10: warning: '$' in identifier [-Wdollar-in-identifier-extension]
C/C++:     auto $payload = jsi::Object(runtime);
C/C++:          ^
C/C++: D:/hobby/wise_wallet/node_modules/react-native-screens/android/build/generated/source/codegen/jni/react/renderer/components/rnscreens/EventEmitters.cpp:104:12: warning: '$' in identifier [-Wdollar-in-identifier-extension]
C/C++:     return $payload;
C/C++:            ^
C/C++: D:/hobby/wise_wallet/node_modules/react-native-screens/android/build/generated/source/codegen/jni/react/renderer/components/rnscreens/EventEmitters.cpp:109:76: warning: '$' in identifier [-Wdollar-in-identifier-extension]
C/C++: void RNSModalScreenEventEmitter::onSheetDetentChanged(OnSheetDetentChanged $event) const {
C/C++:                                                                            ^
C/C++: D:/hobby/wise_wallet/node_modules/react-native-screens/android/build/generated/source/codegen/jni/react/renderer/components/rnscreens/EventEmitters.cpp:110:40: warning: '$' in identifier [-Wdollar-in-identifier-extension]
C/C++:   dispatchEvent("sheetDetentChanged", [$event=std::move($event)](jsi::Runtime &runtime) {
C/C++:                                        ^
C/C++: D:/hobby/wise_wallet/node_modules/react-native-screens/android/build/generated/source/codegen/jni/react/renderer/components/rnscreens/EventEmitters.cpp:110:57: warning: '$' in identifier [-Wdollar-in-identifier-extension]
C/C++:   dispatchEvent("sheetDetentChanged", [$event=std::move($event)](jsi::Runtime &runtime) {
C/C++:                                                         ^
C/C++: D:/hobby/wise_wallet/node_modules/react-native-screens/android/build/generated/source/codegen/jni/react/renderer/components/rnscreens/EventEmitters.cpp:111:10: warning: '$' in identifier [-Wdollar-in-identifier-extension]
C/C++:     auto $payload = jsi::Object(runtime);
C/C++:          ^
C/C++: D:/hobby/wise_wallet/node_modules/react-native-screens/android/build/generated/source/codegen/jni/react/renderer/components/rnscreens/EventEmitters.cpp:112:5: warning: '$' in identifier [-Wdollar-in-identifier-extension]
C/C++:     $payload.setProperty(runtime, "index", $event.index);
C/C++:     ^
C/C++: D:/hobby/wise_wallet/node_modules/react-native-screens/android/build/generated/source/codegen/jni/react/renderer/components/rnscreens/EventEmitters.cpp:112:44: warning: '$' in identifier [-Wdollar-in-identifier-extension]
C/C++:     $payload.setProperty(runtime, "index", $event.index);
C/C++:                                            ^
C/C++: D:/hobby/wise_wallet/node_modules/react-native-screens/android/build/generated/source/codegen/jni/react/renderer/components/rnscreens/EventEmitters.cpp:113:1: warning: '$' in identifier [-Wdollar-in-identifier-extension]
C/C++: $payload.setProperty(runtime, "isStable", $event.isStable);
C/C++: ^
C/C++: D:/hobby/wise_wallet/node_modules/react-native-screens/android/build/generated/source/codegen/jni/react/renderer/components/rnscreens/EventEmitters.cpp:113:43: warning: '$' in identifier [-Wdollar-in-identifier-extension]
C/C++: $payload.setProperty(runtime, "isStable", $event.isStable);
C/C++:                                           ^
C/C++: D:/hobby/wise_wallet/node_modules/react-native-screens/android/build/generated/source/codegen/jni/react/renderer/components/rnscreens/EventEmitters.cpp:114:12: warning: '$' in identifier [-Wdollar-in-identifier-extension]
C/C++:     return $payload;
C/C++:            ^
C/C++: D:/hobby/wise_wallet/node_modules/react-native-screens/android/build/generated/source/codegen/jni/react/renderer/components/rnscreens/EventEmitters.cpp:122:47: warning: '$' in identifier [-Wdollar-in-identifier-extension]
C/C++: void RNSScreenEventEmitter::onAppear(OnAppear $event) const {
C/C++:                                               ^
C/C++: D:/hobby/wise_wallet/node_modules/react-native-screens/android/build/generated/source/codegen/jni/react/renderer/components/rnscreens/EventEmitters.cpp:124:10: warning: '$' in identifier [-Wdollar-in-identifier-extension]
C/C++:     auto $payload = jsi::Object(runtime);
C/C++:          ^
C/C++: D:/hobby/wise_wallet/node_modules/react-native-screens/android/build/generated/source/codegen/jni/react/renderer/components/rnscreens/EventEmitters.cpp:126:12: warning: '$' in identifier [-Wdollar-in-identifier-extension]
C/C++:     return $payload;
C/C++:            ^
C/C++: D:/hobby/wise_wallet/node_modules/react-native-screens/android/build/generated/source/codegen/jni/react/renderer/components/rnscreens/EventEmitters.cpp:131:53: warning: '$' in identifier [-Wdollar-in-identifier-extension]
C/C++: void RNSScreenEventEmitter::onDisappear(OnDisappear $event) const {
C/C++:                                                     ^
C/C++: D:/hobby/wise_wallet/node_modules/react-native-screens/android/build/generated/source/codegen/jni/react/renderer/components/rnscreens/EventEmitters.cpp:133:10: warning: '$' in identifier [-Wdollar-in-identifier-extension]
C/C++:     auto $payload = jsi::Object(runtime);
C/C++:          ^
C/C++: D:/hobby/wise_wallet/node_modules/react-native-screens/android/build/generated/source/codegen/jni/react/renderer/components/rnscreens/EventEmitters.cpp:135:12: warning: '$' in identifier [-Wdollar-in-identifier-extension]
C/C++:     return $payload;
C/C++:            ^
C/C++: D:/hobby/wise_wallet/node_modules/react-native-screens/android/build/generated/source/codegen/jni/react/renderer/components/rnscreens/EventEmitters.cpp:140:53: warning: '$' in identifier [-Wdollar-in-identifier-extension]
C/C++: void RNSScreenEventEmitter::onDismissed(OnDismissed $event) const {
C/C++:                                                     ^
C/C++: D:/hobby/wise_wallet/node_modules/react-native-screens/android/build/generated/source/codegen/jni/react/renderer/components/rnscreens/EventEmitters.cpp:141:31: warning: '$' in identifier [-Wdollar-in-identifier-extension]
C/C++:   dispatchEvent("dismissed", [$event=std::move($event)](jsi::Runtime &runtime) {
C/C++:                               ^
C/C++: D:/hobby/wise_wallet/node_modules/react-native-screens/android/build/generated/source/codegen/jni/react/renderer/components/rnscreens/EventEmitters.cpp:141:48: warning: '$' in identifier [-Wdollar-in-identifier-extension]
C/C++:   dispatchEvent("dismissed", [$event=std::move($event)](jsi::Runtime &runtime) {
C/C++:                                                ^
C/C++: D:/hobby/wise_wallet/node_modules/react-native-screens/android/build/generated/source/codegen/jni/react/renderer/components/rnscreens/EventEmitters.cpp:142:10: warning: '$' in identifier [-Wdollar-in-identifier-extension]
C/C++:     auto $payload = jsi::Object(runtime);
C/C++:          ^
C/C++: D:/hobby/wise_wallet/node_modules/react-native-screens/android/build/generated/source/codegen/jni/react/renderer/components/rnscreens/EventEmitters.cpp:143:5: warning: '$' in identifier [-Wdollar-in-identifier-extension]
C/C++:     $payload.setProperty(runtime, "dismissCount", $event.dismissCount);
C/C++:     ^
C/C++: D:/hobby/wise_wallet/node_modules/react-native-screens/android/build/generated/source/codegen/jni/react/renderer/components/rnscreens/EventEmitters.cpp:143:51: warning: '$' in identifier [-Wdollar-in-identifier-extension]
C/C++:     $payload.setProperty(runtime, "dismissCount", $event.dismissCount);
C/C++:                                                   ^
C/C++: D:/hobby/wise_wallet/node_modules/react-native-screens/android/build/generated/source/codegen/jni/react/renderer/components/rnscreens/EventEmitters.cpp:144:12: warning: '$' in identifier [-Wdollar-in-identifier-extension]
C/C++:     return $payload;
C/C++:            ^
C/C++: D:/hobby/wise_wallet/node_modules/react-native-screens/android/build/generated/source/codegen/jni/react/renderer/components/rnscreens/EventEmitters.cpp:149:79: warning: '$' in identifier [-Wdollar-in-identifier-extension]
C/C++: void RNSScreenEventEmitter::onNativeDismissCancelled(OnNativeDismissCancelled $event) const {
C/C++:                                                                               ^
C/C++: D:/hobby/wise_wallet/node_modules/react-native-screens/android/build/generated/source/codegen/jni/react/renderer/components/rnscreens/EventEmitters.cpp:150:44: warning: '$' in identifier [-Wdollar-in-identifier-extension]
C/C++:   dispatchEvent("nativeDismissCancelled", [$event=std::move($event)](jsi::Runtime &runtime) {
C/C++:                                            ^
C/C++: D:/hobby/wise_wallet/node_modules/react-native-screens/android/build/generated/source/codegen/jni/react/renderer/components/rnscreens/EventEmitters.cpp:150:61: warning: '$' in identifier [-Wdollar-in-identifier-extension]
C/C++:   dispatchEvent("nativeDismissCancelled", [$event=std::move($event)](jsi::Runtime &runtime) {
C/C++:                                                             ^
C/C++: D:/hobby/wise_wallet/node_modules/react-native-screens/android/build/generated/source/codegen/jni/react/renderer/components/rnscreens/EventEmitters.cpp:151:10: warning: '$' in identifier [-Wdollar-in-identifier-extension]
C/C++:     auto $payload = jsi::Object(runtime);
C/C++:          ^
C/C++: D:/hobby/wise_wallet/node_modules/react-native-screens/android/build/generated/source/codegen/jni/react/renderer/components/rnscreens/EventEmitters.cpp:152:5: warning: '$' in identifier [-Wdollar-in-identifier-extension]
C/C++:     $payload.setProperty(runtime, "dismissCount", $event.dismissCount);
C/C++:     ^
C/C++: D:/hobby/wise_wallet/node_modules/react-native-screens/android/build/generated/source/codegen/jni/react/renderer/components/rnscreens/EventEmitters.cpp:152:51: warning: '$' in identifier [-Wdollar-in-identifier-extension]
C/C++:     $payload.setProperty(runtime, "dismissCount", $event.dismissCount);
C/C++:                                                   ^
C/C++: D:/hobby/wise_wallet/node_modules/react-native-screens/android/build/generated/source/codegen/jni/react/renderer/components/rnscreens/EventEmitters.cpp:153:12: warning: '$' in identifier [-Wdollar-in-identifier-extension]
C/C++:     return $payload;
C/C++:            ^
C/C++: D:/hobby/wise_wallet/node_modules/react-native-screens/android/build/generated/source/codegen/jni/react/renderer/components/rnscreens/EventEmitters.cpp:158:55: warning: '$' in identifier [-Wdollar-in-identifier-extension]
C/C++: void RNSScreenEventEmitter::onWillAppear(OnWillAppear $event) const {
C/C++:                                                       ^
C/C++: D:/hobby/wise_wallet/node_modules/react-native-screens/android/build/generated/source/codegen/jni/react/renderer/components/rnscreens/EventEmitters.cpp:160:10: warning: '$' in identifier [-Wdollar-in-identifier-extension]
C/C++:     auto $payload = jsi::Object(runtime);
C/C++:          ^
C/C++: D:/hobby/wise_wallet/node_modules/react-native-screens/android/build/generated/source/codegen/jni/react/renderer/components/rnscreens/EventEmitters.cpp:162:12: warning: '$' in identifier [-Wdollar-in-identifier-extension]
C/C++:     return $payload;
C/C++:            ^
C/C++: D:/hobby/wise_wallet/node_modules/react-native-screens/android/build/generated/source/codegen/jni/react/renderer/components/rnscreens/EventEmitters.cpp:167:61: warning: '$' in identifier [-Wdollar-in-identifier-extension]
C/C++: void RNSScreenEventEmitter::onWillDisappear(OnWillDisappear $event) const {
C/C++:                                                             ^
C/C++: D:/hobby/wise_wallet/node_modules/react-native-screens/android/build/generated/source/codegen/jni/react/renderer/components/rnscreens/EventEmitters.cpp:169:10: warning: '$' in identifier [-Wdollar-in-identifier-extension]
C/C++:     auto $payload = jsi::Object(runtime);
C/C++:          ^
C/C++: D:/hobby/wise_wallet/node_modules/react-native-screens/android/build/generated/source/codegen/jni/react/renderer/components/rnscreens/EventEmitters.cpp:171:12: warning: '$' in identifier [-Wdollar-in-identifier-extension]
C/C++:     return $payload;
C/C++:            ^
C/C++: D:/hobby/wise_wallet/node_modules/react-native-screens/android/build/generated/source/codegen/jni/react/renderer/components/rnscreens/EventEmitters.cpp:176:71: warning: '$' in identifier [-Wdollar-in-identifier-extension]
C/C++: void RNSScreenEventEmitter::onHeaderHeightChange(OnHeaderHeightChange $event) const {
C/C++:                                                                       ^
C/C++: D:/hobby/wise_wallet/node_modules/react-native-screens/android/build/generated/source/codegen/jni/react/renderer/components/rnscreens/EventEmitters.cpp:177:40: warning: '$' in identifier [-Wdollar-in-identifier-extension]
C/C++:   dispatchEvent("headerHeightChange", [$event=std::move($event)](jsi::Runtime &runtime) {
C/C++:                                        ^
C/C++: D:/hobby/wise_wallet/node_modules/react-native-screens/android/build/generated/source/codegen/jni/react/renderer/components/rnscreens/EventEmitters.cpp:177:57: warning: '$' in identifier [-Wdollar-in-identifier-extension]
C/C++:   dispatchEvent("headerHeightChange", [$event=std::move($event)](jsi::Runtime &runtime) {
C/C++:                                                         ^
C/C++: D:/hobby/wise_wallet/node_modules/react-native-screens/android/build/generated/source/codegen/jni/react/renderer/components/rnscreens/EventEmitters.cpp:178:10: warning: '$' in identifier [-Wdollar-in-identifier-extension]
C/C++:     auto $payload = jsi::Object(runtime);
C/C++:          ^
C/C++: D:/hobby/wise_wallet/node_modules/react-native-screens/android/build/generated/source/codegen/jni/react/renderer/components/rnscreens/EventEmitters.cpp:179:5: warning: '$' in identifier [-Wdollar-in-identifier-extension]
C/C++:     $payload.setProperty(runtime, "headerHeight", $event.headerHeight);
C/C++:     ^
C/C++: D:/hobby/wise_wallet/node_modules/react-native-screens/android/build/generated/source/codegen/jni/react/renderer/components/rnscreens/EventEmitters.cpp:179:51: warning: '$' in identifier [-Wdollar-in-identifier-extension]
C/C++:     $payload.setProperty(runtime, "headerHeight", $event.headerHeight);
C/C++:                                                   ^
C/C++: D:/hobby/wise_wallet/node_modules/react-native-screens/android/build/generated/source/codegen/jni/react/renderer/components/rnscreens/EventEmitters.cpp:180:12: warning: '$' in identifier [-Wdollar-in-identifier-extension]
C/C++:     return $payload;
C/C++:            ^
C/C++: D:/hobby/wise_wallet/node_modules/react-native-screens/android/build/generated/source/codegen/jni/react/renderer/components/rnscreens/EventEmitters.cpp:185:71: warning: '$' in identifier [-Wdollar-in-identifier-extension]
C/C++: void RNSScreenEventEmitter::onTransitionProgress(OnTransitionProgress $event) const {
C/C++:                                                                       ^
C/C++: D:/hobby/wise_wallet/node_modules/react-native-screens/android/build/generated/source/codegen/jni/react/renderer/components/rnscreens/EventEmitters.cpp:186:40: warning: '$' in identifier [-Wdollar-in-identifier-extension]
C/C++:   dispatchEvent("transitionProgress", [$event=std::move($event)](jsi::Runtime &runtime) {
C/C++:                                        ^
C/C++: D:/hobby/wise_wallet/node_modules/react-native-screens/android/build/generated/source/codegen/jni/react/renderer/components/rnscreens/EventEmitters.cpp:186:57: warning: '$' in identifier [-Wdollar-in-identifier-extension]
C/C++:   dispatchEvent("transitionProgress", [$event=std::move($event)](jsi::Runtime &runtime) {
C/C++:                                                         ^
C/C++: D:/hobby/wise_wallet/node_modules/react-native-screens/android/build/generated/source/codegen/jni/react/renderer/components/rnscreens/EventEmitters.cpp:187:10: warning: '$' in identifier [-Wdollar-in-identifier-extension]
C/C++:     auto $payload = jsi::Object(runtime);
C/C++:          ^
C/C++: D:/hobby/wise_wallet/node_modules/react-native-screens/android/build/generated/source/codegen/jni/react/renderer/components/rnscreens/EventEmitters.cpp:188:5: warning: '$' in identifier [-Wdollar-in-identifier-extension]
C/C++:     $payload.setProperty(runtime, "progress", $event.progress);
C/C++:     ^
C/C++: D:/hobby/wise_wallet/node_modules/react-native-screens/android/build/generated/source/codegen/jni/react/renderer/components/rnscreens/EventEmitters.cpp:188:47: warning: '$' in identifier [-Wdollar-in-identifier-extension]
C/C++:     $payload.setProperty(runtime, "progress", $event.progress);
C/C++:                                               ^
C/C++: D:/hobby/wise_wallet/node_modules/react-native-screens/android/build/generated/source/codegen/jni/react/renderer/components/rnscreens/EventEmitters.cpp:189:1: warning: '$' in identifier [-Wdollar-in-identifier-extension]
C/C++: $payload.setProperty(runtime, "closing", $event.closing);
C/C++: ^
C/C++: D:/hobby/wise_wallet/node_modules/react-native-screens/android/build/generated/source/codegen/jni/react/renderer/components/rnscreens/EventEmitters.cpp:189:42: warning: '$' in identifier [-Wdollar-in-identifier-extension]
C/C++: $payload.setProperty(runtime, "closing", $event.closing);
C/C++:                                          ^
C/C++: D:/hobby/wise_wallet/node_modules/react-native-screens/android/build/generated/source/codegen/jni/react/renderer/components/rnscreens/EventEmitters.cpp:190:1: warning: '$' in identifier [-Wdollar-in-identifier-extension]
C/C++: $payload.setProperty(runtime, "goingForward", $event.goingForward);
C/C++: ^
C/C++: D:/hobby/wise_wallet/node_modules/react-native-screens/android/build/generated/source/codegen/jni/react/renderer/components/rnscreens/EventEmitters.cpp:190:47: warning: '$' in identifier [-Wdollar-in-identifier-extension]
C/C++: $payload.setProperty(runtime, "goingForward", $event.goingForward);
C/C++:                                               ^
C/C++: D:/hobby/wise_wallet/node_modules/react-native-screens/android/build/generated/source/codegen/jni/react/renderer/components/rnscreens/EventEmitters.cpp:191:12: warning: '$' in identifier [-Wdollar-in-identifier-extension]
C/C++:     return $payload;
C/C++:            ^
C/C++: D:/hobby/wise_wallet/node_modules/react-native-screens/android/build/generated/source/codegen/jni/react/renderer/components/rnscreens/EventEmitters.cpp:196:61: warning: '$' in identifier [-Wdollar-in-identifier-extension]
C/C++: void RNSScreenEventEmitter::onGestureCancel(OnGestureCancel $event) const {
C/C++:                                                             ^
C/C++: D:/hobby/wise_wallet/node_modules/react-native-screens/android/build/generated/source/codegen/jni/react/renderer/components/rnscreens/EventEmitters.cpp:198:10: warning: '$' in identifier [-Wdollar-in-identifier-extension]
C/C++:     auto $payload = jsi::Object(runtime);
C/C++:          ^
C/C++: D:/hobby/wise_wallet/node_modules/react-native-screens/android/build/generated/source/codegen/jni/react/renderer/components/rnscreens/EventEmitters.cpp:200:12: warning: '$' in identifier [-Wdollar-in-identifier-extension]
C/C++:     return $payload;
C/C++:            ^
C/C++: D:/hobby/wise_wallet/node_modules/react-native-screens/android/build/generated/source/codegen/jni/react/renderer/components/rnscreens/EventEmitters.cpp:205:81: warning: '$' in identifier [-Wdollar-in-identifier-extension]
C/C++: void RNSScreenEventEmitter::onHeaderBackButtonClicked(OnHeaderBackButtonClicked $event) const {
C/C++:                                                                                 ^
C/C++: D:/hobby/wise_wallet/node_modules/react-native-screens/android/build/generated/source/codegen/jni/react/renderer/components/rnscreens/EventEmitters.cpp:207:10: warning: '$' in identifier [-Wdollar-in-identifier-extension]
C/C++:     auto $payload = jsi::Object(runtime);
C/C++:          ^
C/C++: D:/hobby/wise_wallet/node_modules/react-native-screens/android/build/generated/source/codegen/jni/react/renderer/components/rnscreens/EventEmitters.cpp:209:12: warning: '$' in identifier [-Wdollar-in-identifier-extension]
C/C++:     return $payload;
C/C++:            ^
C/C++: D:/hobby/wise_wallet/node_modules/react-native-screens/android/build/generated/source/codegen/jni/react/renderer/components/rnscreens/EventEmitters.cpp:214:71: warning: '$' in identifier [-Wdollar-in-identifier-extension]
C/C++: void RNSScreenEventEmitter::onSheetDetentChanged(OnSheetDetentChanged $event) const {
C/C++:                                                                       ^
C/C++: D:/hobby/wise_wallet/node_modules/react-native-screens/android/build/generated/source/codegen/jni/react/renderer/components/rnscreens/EventEmitters.cpp:215:40: warning: '$' in identifier [-Wdollar-in-identifier-extension]
C/C++:   dispatchEvent("sheetDetentChanged", [$event=std::move($event)](jsi::Runtime &runtime) {
C/C++:                                        ^
C/C++: D:/hobby/wise_wallet/node_modules/react-native-screens/android/build/generated/source/codegen/jni/react/renderer/components/rnscreens/EventEmitters.cpp:215:57: warning: '$' in identifier [-Wdollar-in-identifier-extension]
C/C++:   dispatchEvent("sheetDetentChanged", [$event=std::move($event)](jsi::Runtime &runtime) {
C/C++:                                                         ^
C/C++: D:/hobby/wise_wallet/node_modules/react-native-screens/android/build/generated/source/codegen/jni/react/renderer/components/rnscreens/EventEmitters.cpp:216:10: warning: '$' in identifier [-Wdollar-in-identifier-extension]
C/C++:     auto $payload = jsi::Object(runtime);
C/C++:          ^
C/C++: D:/hobby/wise_wallet/node_modules/react-native-screens/android/build/generated/source/codegen/jni/react/renderer/components/rnscreens/EventEmitters.cpp:217:5: warning: '$' in identifier [-Wdollar-in-identifier-extension]
C/C++:     $payload.setProperty(runtime, "index", $event.index);
C/C++:     ^
C/C++: D:/hobby/wise_wallet/node_modules/react-native-screens/android/build/generated/source/codegen/jni/react/renderer/components/rnscreens/EventEmitters.cpp:217:44: warning: '$' in identifier [-Wdollar-in-identifier-extension]
C/C++:     $payload.setProperty(runtime, "index", $event.index);
C/C++:                                            ^
C/C++: D:/hobby/wise_wallet/node_modules/react-native-screens/android/build/generated/source/codegen/jni/react/renderer/components/rnscreens/EventEmitters.cpp:218:1: warning: '$' in identifier [-Wdollar-in-identifier-extension]
C/C++: $payload.setProperty(runtime, "isStable", $event.isStable);
C/C++: ^
C/C++: D:/hobby/wise_wallet/node_modules/react-native-screens/android/build/generated/source/codegen/jni/react/renderer/components/rnscreens/EventEmitters.cpp:218:43: warning: '$' in identifier [-Wdollar-in-identifier-extension]
C/C++: $payload.setProperty(runtime, "isStable", $event.isStable);
C/C++:                                           ^
C/C++: D:/hobby/wise_wallet/node_modules/react-native-screens/android/build/generated/source/codegen/jni/react/renderer/components/rnscreens/EventEmitters.cpp:219:12: warning: '$' in identifier [-Wdollar-in-identifier-extension]
C/C++:     return $payload;
C/C++:            ^
C/C++: D:/hobby/wise_wallet/node_modules/react-native-screens/android/build/generated/source/codegen/jni/react/renderer/components/rnscreens/EventEmitters.cpp:225:68: warning: '$' in identifier [-Wdollar-in-identifier-extension]
C/C++: void RNSScreenStackHeaderConfigEventEmitter::onAttached(OnAttached $event) const {
C/C++:                                                                    ^
C/C++: D:/hobby/wise_wallet/node_modules/react-native-screens/android/build/generated/source/codegen/jni/react/renderer/components/rnscreens/EventEmitters.cpp:227:10: warning: '$' in identifier [-Wdollar-in-identifier-extension]
C/C++:     auto $payload = jsi::Object(runtime);
C/C++:          ^
C/C++: D:/hobby/wise_wallet/node_modules/react-native-screens/android/build/generated/source/codegen/jni/react/renderer/components/rnscreens/EventEmitters.cpp:229:12: warning: '$' in identifier [-Wdollar-in-identifier-extension]
C/C++:     return $payload;
C/C++:            ^
C/C++: D:/hobby/wise_wallet/node_modules/react-native-screens/android/build/generated/source/codegen/jni/react/renderer/components/rnscreens/EventEmitters.cpp:234:68: warning: '$' in identifier [-Wdollar-in-identifier-extension]
C/C++: void RNSScreenStackHeaderConfigEventEmitter::onDetached(OnDetached $event) const {
C/C++:                                                                    ^
C/C++: D:/hobby/wise_wallet/node_modules/react-native-screens/android/build/generated/source/codegen/jni/react/renderer/components/rnscreens/EventEmitters.cpp:236:10: warning: '$' in identifier [-Wdollar-in-identifier-extension]
C/C++:     auto $payload = jsi::Object(runtime);
C/C++:          ^
C/C++: D:/hobby/wise_wallet/node_modules/react-native-screens/android/build/generated/source/codegen/jni/react/renderer/components/rnscreens/EventEmitters.cpp:238:12: warning: '$' in identifier [-Wdollar-in-identifier-extension]
C/C++:     return $payload;
C/C++:            ^
C/C++: D:/hobby/wise_wallet/node_modules/react-native-screens/android/build/generated/source/codegen/jni/react/renderer/components/rnscreens/EventEmitters.cpp:244:78: warning: '$' in identifier [-Wdollar-in-identifier-extension]
C/C++: void RNSScreenStackEventEmitter::onFinishTransitioning(OnFinishTransitioning $event) const {
C/C++:                                                                              ^
C/C++: D:/hobby/wise_wallet/node_modules/react-native-screens/android/build/generated/source/codegen/jni/react/renderer/components/rnscreens/EventEmitters.cpp:246:10: warning: '$' in identifier [-Wdollar-in-identifier-extension]
C/C++:     auto $payload = jsi::Object(runtime);
C/C++:          ^
C/C++: D:/hobby/wise_wallet/node_modules/react-native-screens/android/build/generated/source/codegen/jni/react/renderer/components/rnscreens/EventEmitters.cpp:248:12: warning: '$' in identifier [-Wdollar-in-identifier-extension]
C/C++:     return $payload;
C/C++:            ^
C/C++: D:/hobby/wise_wallet/node_modules/react-native-screens/android/build/generated/source/codegen/jni/react/renderer/components/rnscreens/EventEmitters.cpp:253:60: warning: '$' in identifier [-Wdollar-in-identifier-extension]
C/C++: void RNSSearchBarEventEmitter::onSearchFocus(OnSearchFocus $event) const {
C/C++:                                                            ^
C/C++: D:/hobby/wise_wallet/node_modules/react-native-screens/android/build/generated/source/codegen/jni/react/renderer/components/rnscreens/EventEmitters.cpp:255:10: warning: '$' in identifier [-Wdollar-in-identifier-extension]
C/C++:     auto $payload = jsi::Object(runtime);
C/C++:          ^
C/C++: D:/hobby/wise_wallet/node_modules/react-native-screens/android/build/generated/source/codegen/jni/react/renderer/components/rnscreens/EventEmitters.cpp:257:12: warning: '$' in identifier [-Wdollar-in-identifier-extension]
C/C++:     return $payload;
C/C++:            ^
C/C++: D:/hobby/wise_wallet/node_modules/react-native-screens/android/build/generated/source/codegen/jni/react/renderer/components/rnscreens/EventEmitters.cpp:262:58: warning: '$' in identifier [-Wdollar-in-identifier-extension]
C/C++: void RNSSearchBarEventEmitter::onSearchBlur(OnSearchBlur $event) const {
C/C++:                                                          ^
C/C++: D:/hobby/wise_wallet/node_modules/react-native-screens/android/build/generated/source/codegen/jni/react/renderer/components/rnscreens/EventEmitters.cpp:264:10: warning: '$' in identifier [-Wdollar-in-identifier-extension]
C/C++:     auto $payload = jsi::Object(runtime);
C/C++:          ^
C/C++: D:/hobby/wise_wallet/node_modules/react-native-screens/android/build/generated/source/codegen/jni/react/renderer/components/rnscreens/EventEmitters.cpp:266:12: warning: '$' in identifier [-Wdollar-in-identifier-extension]
C/C++:     return $payload;
C/C++:            ^
C/C++: D:/hobby/wise_wallet/node_modules/react-native-screens/android/build/generated/source/codegen/jni/react/renderer/components/rnscreens/EventEmitters.cpp:271:72: warning: '$' in identifier [-Wdollar-in-identifier-extension]
C/C++: void RNSSearchBarEventEmitter::onSearchButtonPress(OnSearchButtonPress $event) const {
C/C++:                                                                        ^
C/C++: D:/hobby/wise_wallet/node_modules/react-native-screens/android/build/generated/source/codegen/jni/react/renderer/components/rnscreens/EventEmitters.cpp:272:39: warning: '$' in identifier [-Wdollar-in-identifier-extension]
C/C++:   dispatchEvent("searchButtonPress", [$event=std::move($event)](jsi::Runtime &runtime) {
C/C++:                                       ^
C/C++: D:/hobby/wise_wallet/node_modules/react-native-screens/android/build/generated/source/codegen/jni/react/renderer/components/rnscreens/EventEmitters.cpp:272:56: warning: '$' in identifier [-Wdollar-in-identifier-extension]
C/C++:   dispatchEvent("searchButtonPress", [$event=std::move($event)](jsi::Runtime &runtime) {
C/C++:                                                        ^
C/C++: D:/hobby/wise_wallet/node_modules/react-native-screens/android/build/generated/source/codegen/jni/react/renderer/components/rnscreens/EventEmitters.cpp:273:10: warning: '$' in identifier [-Wdollar-in-identifier-extension]
C/C++:     auto $payload = jsi::Object(runtime);
C/C++:          ^
C/C++: D:/hobby/wise_wallet/node_modules/react-native-screens/android/build/generated/source/codegen/jni/react/renderer/components/rnscreens/EventEmitters.cpp:274:5: warning: '$' in identifier [-Wdollar-in-identifier-extension]
C/C++:     $payload.setProperty(runtime, "text", $event.text);
C/C++:     ^
C/C++: D:/hobby/wise_wallet/node_modules/react-native-screens/android/build/generated/source/codegen/jni/react/renderer/components/rnscreens/EventEmitters.cpp:274:43: warning: '$' in identifier [-Wdollar-in-identifier-extension]
C/C++:     $payload.setProperty(runtime, "text", $event.text);
C/C++:                                           ^
C/C++: D:/hobby/wise_wallet/node_modules/react-native-screens/android/build/generated/source/codegen/jni/react/renderer/components/rnscreens/EventEmitters.cpp:275:12: warning: '$' in identifier [-Wdollar-in-identifier-extension]
C/C++:     return $payload;
C/C++:            ^
C/C++: D:/hobby/wise_wallet/node_modules/react-native-screens/android/build/generated/source/codegen/jni/react/renderer/components/rnscreens/EventEmitters.cpp:280:72: warning: '$' in identifier [-Wdollar-in-identifier-extension]
C/C++: void RNSSearchBarEventEmitter::onCancelButtonPress(OnCancelButtonPress $event) const {
C/C++:                                                                        ^
C/C++: D:/hobby/wise_wallet/node_modules/react-native-screens/android/build/generated/source/codegen/jni/react/renderer/components/rnscreens/EventEmitters.cpp:282:10: warning: '$' in identifier [-Wdollar-in-identifier-extension]
C/C++:     auto $payload = jsi::Object(runtime);
C/C++:          ^
C/C++: D:/hobby/wise_wallet/node_modules/react-native-screens/android/build/generated/source/codegen/jni/react/renderer/components/rnscreens/EventEmitters.cpp:284:12: warning: '$' in identifier [-Wdollar-in-identifier-extension]
C/C++:     return $payload;
C/C++:            ^
C/C++: D:/hobby/wise_wallet/node_modules/react-native-screens/android/build/generated/source/codegen/jni/react/renderer/components/rnscreens/EventEmitters.cpp:289:58: warning: '$' in identifier [-Wdollar-in-identifier-extension]
C/C++: void RNSSearchBarEventEmitter::onChangeText(OnChangeText $event) const {
C/C++:                                                          ^
C/C++: D:/hobby/wise_wallet/node_modules/react-native-screens/android/build/generated/source/codegen/jni/react/renderer/components/rnscreens/EventEmitters.cpp:290:32: warning: '$' in identifier [-Wdollar-in-identifier-extension]
C/C++:   dispatchEvent("changeText", [$event=std::move($event)](jsi::Runtime &runtime) {
C/C++:                                ^
C/C++: D:/hobby/wise_wallet/node_modules/react-native-screens/android/build/generated/source/codegen/jni/react/renderer/components/rnscreens/EventEmitters.cpp:290:49: warning: '$' in identifier [-Wdollar-in-identifier-extension]
C/C++:   dispatchEvent("changeText", [$event=std::move($event)](jsi::Runtime &runtime) {
C/C++:                                                 ^
C/C++: D:/hobby/wise_wallet/node_modules/react-native-screens/android/build/generated/source/codegen/jni/react/renderer/components/rnscreens/EventEmitters.cpp:291:10: warning: '$' in identifier [-Wdollar-in-identifier-extension]
C/C++:     auto $payload = jsi::Object(runtime);
C/C++:          ^
C/C++: D:/hobby/wise_wallet/node_modules/react-native-screens/android/build/generated/source/codegen/jni/react/renderer/components/rnscreens/EventEmitters.cpp:292:5: warning: '$' in identifier [-Wdollar-in-identifier-extension]
C/C++:     $payload.setProperty(runtime, "text", $event.text);
C/C++:     ^
C/C++: D:/hobby/wise_wallet/node_modules/react-native-screens/android/build/generated/source/codegen/jni/react/renderer/components/rnscreens/EventEmitters.cpp:292:43: warning: '$' in identifier [-Wdollar-in-identifier-extension]
C/C++:     $payload.setProperty(runtime, "text", $event.text);
C/C++:                                           ^
C/C++: D:/hobby/wise_wallet/node_modules/react-native-screens/android/build/generated/source/codegen/jni/react/renderer/components/rnscreens/EventEmitters.cpp:293:12: warning: '$' in identifier [-Wdollar-in-identifier-extension]
C/C++:     return $payload;
C/C++:            ^
C/C++: D:/hobby/wise_wallet/node_modules/react-native-screens/android/build/generated/source/codegen/jni/react/renderer/components/rnscreens/EventEmitters.cpp:298:48: warning: '$' in identifier [-Wdollar-in-identifier-extension]
C/C++: void RNSSearchBarEventEmitter::onClose(OnClose $event) const {
C/C++:                                                ^
C/C++: D:/hobby/wise_wallet/node_modules/react-native-screens/android/build/generated/source/codegen/jni/react/renderer/components/rnscreens/EventEmitters.cpp:300:10: warning: '$' in identifier [-Wdollar-in-identifier-extension]
C/C++:     auto $payload = jsi::Object(runtime);
C/C++:          ^
C/C++: D:/hobby/wise_wallet/node_modules/react-native-screens/android/build/generated/source/codegen/jni/react/renderer/components/rnscreens/EventEmitters.cpp:302:12: warning: '$' in identifier [-Wdollar-in-identifier-extension]
C/C++:     return $payload;
C/C++:            ^
C/C++: D:/hobby/wise_wallet/node_modules/react-native-screens/android/build/generated/source/codegen/jni/react/renderer/components/rnscreens/EventEmitters.cpp:307:46: warning: '$' in identifier [-Wdollar-in-identifier-extension]
C/C++: void RNSSearchBarEventEmitter::onOpen(OnOpen $event) const {
C/C++:                                              ^
C/C++: D:/hobby/wise_wallet/node_modules/react-native-screens/android/build/generated/source/codegen/jni/react/renderer/components/rnscreens/EventEmitters.cpp:309:10: warning: '$' in identifier [-Wdollar-in-identifier-extension]
C/C++:     auto $payload = jsi::Object(runtime);
C/C++:          ^
C/C++: D:/hobby/wise_wallet/node_modules/react-native-screens/android/build/generated/source/codegen/jni/react/renderer/components/rnscreens/EventEmitters.cpp:311:12: warning: '$' in identifier [-Wdollar-in-identifier-extension]
C/C++:     return $payload;
C/C++:            ^
C/C++: 156 warnings generated.

> Task :expo-keep-awake:lintVitalAnalyzeRelease
> Task :expo-image-loader:lintVitalAnalyzeRelease
> Task :app:configureCMakeRelWithDebInfo[x86]
> Task :expo-linking:lintVitalAnalyzeRelease
> Task :expo-linear-gradient:lintVitalAnalyzeRelease
> Task :expo-image-picker:lintVitalAnalyzeRelease

> Task :app:buildCMakeRelWithDebInfo[x86]
C/C++: ninja: Entering directory `D:\hobby\wise_wallet\android\app\.cxx\RelWithDebInfo\5d485d71\x86'
C/C++: D:/hobby/wise_wallet/node_modules/react-native-safe-area-context/android/build/generated/source/codegen/jni/react/renderer/components/safeareacontext/EventEmitters.cpp:16:69: warning: '$' in identifier [-Wdollar-in-identifier-extension]
C/C++: void RNCSafeAreaProviderEventEmitter::onInsetsChange(OnInsetsChange $event) const {
C/C++:                                                                     ^
C/C++: D:/hobby/wise_wallet/node_modules/react-native-safe-area-context/android/build/generated/source/codegen/jni/react/renderer/components/safeareacontext/EventEmitters.cpp:17:34: warning: '$' in identifier [-Wdollar-in-identifier-extension]
C/C++:   dispatchEvent("insetsChange", [$event=std::move($event)](jsi::Runtime &runtime) {
C/C++:                                  ^
C/C++: D:/hobby/wise_wallet/node_modules/react-native-safe-area-context/android/build/generated/source/codegen/jni/react/renderer/components/safeareacontext/EventEmitters.cpp:17:51: warning: '$' in identifier [-Wdollar-in-identifier-extension]
C/C++:   dispatchEvent("insetsChange", [$event=std::move($event)](jsi::Runtime &runtime) {
C/C++:                                                   ^
C/C++: D:/hobby/wise_wallet/node_modules/react-native-safe-area-context/android/build/generated/source/codegen/jni/react/renderer/components/safeareacontext/EventEmitters.cpp:18:10: warning: '$' in identifier [-Wdollar-in-identifier-extension]
C/C++:     auto $payload = jsi::Object(runtime);
C/C++:          ^
C/C++: D:/hobby/wise_wallet/node_modules/react-native-safe-area-context/android/build/generated/source/codegen/jni/react/renderer/components/safeareacontext/EventEmitters.cpp:21:38: warning: '$' in identifier [-Wdollar-in-identifier-extension]
C/C++:   insets.setProperty(runtime, "top", $event.insets.top);
C/C++:                                      ^
C/C++: D:/hobby/wise_wallet/node_modules/react-native-safe-area-context/android/build/generated/source/codegen/jni/react/renderer/components/safeareacontext/EventEmitters.cpp:22:40: warning: '$' in identifier [-Wdollar-in-identifier-extension]
C/C++:   insets.setProperty(runtime, "right", $event.insets.right);
C/C++:                                        ^
C/C++: D:/hobby/wise_wallet/node_modules/react-native-safe-area-context/android/build/generated/source/codegen/jni/react/renderer/components/safeareacontext/EventEmitters.cpp:23:41: warning: '$' in identifier [-Wdollar-in-identifier-extension]
C/C++:   insets.setProperty(runtime, "bottom", $event.insets.bottom);
C/C++:                                         ^
C/C++: D:/hobby/wise_wallet/node_modules/react-native-safe-area-context/android/build/generated/source/codegen/jni/react/renderer/components/safeareacontext/EventEmitters.cpp:24:39: warning: '$' in identifier [-Wdollar-in-identifier-extension]
C/C++:   insets.setProperty(runtime, "left", $event.insets.left);
C/C++:                                       ^
C/C++: D:/hobby/wise_wallet/node_modules/react-native-safe-area-context/android/build/generated/source/codegen/jni/react/renderer/components/safeareacontext/EventEmitters.cpp:25:3: warning: '$' in identifier [-Wdollar-in-identifier-extension]
C/C++:   $payload.setProperty(runtime, "insets", insets);
C/C++:   ^
C/C++: D:/hobby/wise_wallet/node_modules/react-native-safe-area-context/android/build/generated/source/codegen/jni/react/renderer/components/safeareacontext/EventEmitters.cpp:29:35: warning: '$' in identifier [-Wdollar-in-identifier-extension]
C/C++:   frame.setProperty(runtime, "x", $event.frame.x);
C/C++:                                   ^
C/C++: D:/hobby/wise_wallet/node_modules/react-native-safe-area-context/android/build/generated/source/codegen/jni/react/renderer/components/safeareacontext/EventEmitters.cpp:30:35: warning: '$' in identifier [-Wdollar-in-identifier-extension]
C/C++:   frame.setProperty(runtime, "y", $event.frame.y);
C/C++:                                   ^
C/C++: D:/hobby/wise_wallet/node_modules/react-native-safe-area-context/android/build/generated/source/codegen/jni/react/renderer/components/safeareacontext/EventEmitters.cpp:31:39: warning: '$' in identifier [-Wdollar-in-identifier-extension]
C/C++:   frame.setProperty(runtime, "width", $event.frame.width);
C/C++:                                       ^
C/C++: D:/hobby/wise_wallet/node_modules/react-native-safe-area-context/android/build/generated/source/codegen/jni/react/renderer/components/safeareacontext/EventEmitters.cpp:32:40: warning: '$' in identifier [-Wdollar-in-identifier-extension]
C/C++:   frame.setProperty(runtime, "height", $event.frame.height);
C/C++:                                        ^
C/C++: D:/hobby/wise_wallet/node_modules/react-native-safe-area-context/android/build/generated/source/codegen/jni/react/renderer/components/safeareacontext/EventEmitters.cpp:33:3: warning: '$' in identifier [-Wdollar-in-identifier-extension]
C/C++:   $payload.setProperty(runtime, "frame", frame);
C/C++:   ^
C/C++: D:/hobby/wise_wallet/node_modules/react-native-safe-area-context/android/build/generated/source/codegen/jni/react/renderer/components/safeareacontext/EventEmitters.cpp:35:12: warning: '$' in identifier [-Wdollar-in-identifier-extension]
C/C++:     return $payload;
C/C++:            ^
C/C++: 15 warnings generated.
C/C++: D:/hobby/wise_wallet/node_modules/react-native-svg/android/build/generated/source/codegen/jni/react/renderer/components/rnsvg/EventEmitters.cpp:30:44: warning: '$' in identifier [-Wdollar-in-identifier-extension]
C/C++: void RNSVGImageEventEmitter::onLoad(OnLoad $event) const {
C/C++:                                            ^
C/C++: D:/hobby/wise_wallet/node_modules/react-native-svg/android/build/generated/source/codegen/jni/react/renderer/components/rnsvg/EventEmitters.cpp:31:26: warning: '$' in identifier [-Wdollar-in-identifier-extension]
C/C++:   dispatchEvent("load", [$event=std::move($event)](jsi::Runtime &runtime) {
C/C++:                          ^
C/C++: D:/hobby/wise_wallet/node_modules/react-native-svg/android/build/generated/source/codegen/jni/react/renderer/components/rnsvg/EventEmitters.cpp:31:43: warning: '$' in identifier [-Wdollar-in-identifier-extension]
C/C++:   dispatchEvent("load", [$event=std::move($event)](jsi::Runtime &runtime) {
C/C++:                                           ^
C/C++: D:/hobby/wise_wallet/node_modules/react-native-svg/android/build/generated/source/codegen/jni/react/renderer/components/rnsvg/EventEmitters.cpp:32:10: warning: '$' in identifier [-Wdollar-in-identifier-extension]
C/C++:     auto $payload = jsi::Object(runtime);
C/C++:          ^
C/C++: D:/hobby/wise_wallet/node_modules/react-native-svg/android/build/generated/source/codegen/jni/react/renderer/components/rnsvg/EventEmitters.cpp:35:40: warning: '$' in identifier [-Wdollar-in-identifier-extension]
C/C++:   source.setProperty(runtime, "width", $event.source.width);
C/C++:                                        ^
C/C++: D:/hobby/wise_wallet/node_modules/react-native-svg/android/build/generated/source/codegen/jni/react/renderer/components/rnsvg/EventEmitters.cpp:36:41: warning: '$' in identifier [-Wdollar-in-identifier-extension]
C/C++:   source.setProperty(runtime, "height", $event.source.height);
C/C++:                                         ^
C/C++: D:/hobby/wise_wallet/node_modules/react-native-svg/android/build/generated/source/codegen/jni/react/renderer/components/rnsvg/EventEmitters.cpp:37:38: warning: '$' in identifier [-Wdollar-in-identifier-extension]
C/C++:   source.setProperty(runtime, "uri", $event.source.uri);
C/C++:                                      ^
C/C++: D:/hobby/wise_wallet/node_modules/react-native-svg/android/build/generated/source/codegen/jni/react/renderer/components/rnsvg/EventEmitters.cpp:38:3: warning: '$' in identifier [-Wdollar-in-identifier-extension]
C/C++:   $payload.setProperty(runtime, "source", source);
C/C++:   ^
C/C++: D:/hobby/wise_wallet/node_modules/react-native-svg/android/build/generated/source/codegen/jni/react/renderer/components/rnsvg/EventEmitters.cpp:40:12: warning: '$' in identifier [-Wdollar-in-identifier-extension]
C/C++:     return $payload;
C/C++:            ^
C/C++: 9 warnings generated.
C/C++: D:/hobby/wise_wallet/node_modules/react-native-screens/android/build/generated/source/codegen/jni/react/renderer/components/rnscreens/EventEmitters.cpp:17:52: warning: '$' in identifier [-Wdollar-in-identifier-extension]
C/C++: void RNSModalScreenEventEmitter::onAppear(OnAppear $event) const {
C/C++:                                                    ^
C/C++: D:/hobby/wise_wallet/node_modules/react-native-screens/android/build/generated/source/codegen/jni/react/renderer/components/rnscreens/EventEmitters.cpp:19:10: warning: '$' in identifier [-Wdollar-in-identifier-extension]
C/C++:     auto $payload = jsi::Object(runtime);
C/C++:          ^
C/C++: D:/hobby/wise_wallet/node_modules/react-native-screens/android/build/generated/source/codegen/jni/react/renderer/components/rnscreens/EventEmitters.cpp:21:12: warning: '$' in identifier [-Wdollar-in-identifier-extension]
C/C++:     return $payload;
C/C++:            ^
C/C++: D:/hobby/wise_wallet/node_modules/react-native-screens/android/build/generated/source/codegen/jni/react/renderer/components/rnscreens/EventEmitters.cpp:26:58: warning: '$' in identifier [-Wdollar-in-identifier-extension]
C/C++: void RNSModalScreenEventEmitter::onDisappear(OnDisappear $event) const {
C/C++:                                                          ^
C/C++: D:/hobby/wise_wallet/node_modules/react-native-screens/android/build/generated/source/codegen/jni/react/renderer/components/rnscreens/EventEmitters.cpp:28:10: warning: '$' in identifier [-Wdollar-in-identifier-extension]
C/C++:     auto $payload = jsi::Object(runtime);
C/C++:          ^
C/C++: D:/hobby/wise_wallet/node_modules/react-native-screens/android/build/generated/source/codegen/jni/react/renderer/components/rnscreens/EventEmitters.cpp:30:12: warning: '$' in identifier [-Wdollar-in-identifier-extension]
C/C++:     return $payload;
C/C++:            ^
C/C++: D:/hobby/wise_wallet/node_modules/react-native-screens/android/build/generated/source/codegen/jni/react/renderer/components/rnscreens/EventEmitters.cpp:35:58: warning: '$' in identifier [-Wdollar-in-identifier-extension]
C/C++: void RNSModalScreenEventEmitter::onDismissed(OnDismissed $event) const {
C/C++:                                                          ^
C/C++: D:/hobby/wise_wallet/node_modules/react-native-screens/android/build/generated/source/codegen/jni/react/renderer/components/rnscreens/EventEmitters.cpp:36:31: warning: '$' in identifier [-Wdollar-in-identifier-extension]
C/C++:   dispatchEvent("dismissed", [$event=std::move($event)](jsi::Runtime &runtime) {
C/C++:                               ^
C/C++: D:/hobby/wise_wallet/node_modules/react-native-screens/android/build/generated/source/codegen/jni/react/renderer/components/rnscreens/EventEmitters.cpp:36:48: warning: '$' in identifier [-Wdollar-in-identifier-extension]
C/C++:   dispatchEvent("dismissed", [$event=std::move($event)](jsi::Runtime &runtime) {
C/C++:                                                ^
C/C++: D:/hobby/wise_wallet/node_modules/react-native-screens/android/build/generated/source/codegen/jni/react/renderer/components/rnscreens/EventEmitters.cpp:37:10: warning: '$' in identifier [-Wdollar-in-identifier-extension]
C/C++:     auto $payload = jsi::Object(runtime);
C/C++:          ^
C/C++: D:/hobby/wise_wallet/node_modules/react-native-screens/android/build/generated/source/codegen/jni/react/renderer/components/rnscreens/EventEmitters.cpp:38:5: warning: '$' in identifier [-Wdollar-in-identifier-extension]
C/C++:     $payload.setProperty(runtime, "dismissCount", $event.dismissCount);
C/C++:     ^
C/C++: D:/hobby/wise_wallet/node_modules/react-native-screens/android/build/generated/source/codegen/jni/react/renderer/components/rnscreens/EventEmitters.cpp:38:51: warning: '$' in identifier [-Wdollar-in-identifier-extension]
C/C++:     $payload.setProperty(runtime, "dismissCount", $event.dismissCount);
C/C++:                                                   ^
C/C++: D:/hobby/wise_wallet/node_modules/react-native-screens/android/build/generated/source/codegen/jni/react/renderer/components/rnscreens/EventEmitters.cpp:39:12: warning: '$' in identifier [-Wdollar-in-identifier-extension]
C/C++:     return $payload;
C/C++:            ^
C/C++: D:/hobby/wise_wallet/node_modules/react-native-screens/android/build/generated/source/codegen/jni/react/renderer/components/rnscreens/EventEmitters.cpp:44:84: warning: '$' in identifier [-Wdollar-in-identifier-extension]
C/C++: void RNSModalScreenEventEmitter::onNativeDismissCancelled(OnNativeDismissCancelled $event) const {
C/C++:                                                                                    ^
C/C++: D:/hobby/wise_wallet/node_modules/react-native-screens/android/build/generated/source/codegen/jni/react/renderer/components/rnscreens/EventEmitters.cpp:45:44: warning: '$' in identifier [-Wdollar-in-identifier-extension]
C/C++:   dispatchEvent("nativeDismissCancelled", [$event=std::move($event)](jsi::Runtime &runtime) {
C/C++:                                            ^
C/C++: D:/hobby/wise_wallet/node_modules/react-native-screens/android/build/generated/source/codegen/jni/react/renderer/components/rnscreens/EventEmitters.cpp:45:61: warning: '$' in identifier [-Wdollar-in-identifier-extension]
C/C++:   dispatchEvent("nativeDismissCancelled", [$event=std::move($event)](jsi::Runtime &runtime) {
C/C++:                                                             ^
C/C++: D:/hobby/wise_wallet/node_modules/react-native-screens/android/build/generated/source/codegen/jni/react/renderer/components/rnscreens/EventEmitters.cpp:46:10: warning: '$' in identifier [-Wdollar-in-identifier-extension]
C/C++:     auto $payload = jsi::Object(runtime);
C/C++:          ^
C/C++: D:/hobby/wise_wallet/node_modules/react-native-screens/android/build/generated/source/codegen/jni/react/renderer/components/rnscreens/EventEmitters.cpp:47:5: warning: '$' in identifier [-Wdollar-in-identifier-extension]
C/C++:     $payload.setProperty(runtime, "dismissCount", $event.dismissCount);
C/C++:     ^
C/C++: D:/hobby/wise_wallet/node_modules/react-native-screens/android/build/generated/source/codegen/jni/react/renderer/components/rnscreens/EventEmitters.cpp:47:51: warning: '$' in identifier [-Wdollar-in-identifier-extension]
C/C++:     $payload.setProperty(runtime, "dismissCount", $event.dismissCount);
C/C++:                                                   ^
C/C++: D:/hobby/wise_wallet/node_modules/react-native-screens/android/build/generated/source/codegen/jni/react/renderer/components/rnscreens/EventEmitters.cpp:48:12: warning: '$' in identifier [-Wdollar-in-identifier-extension]
C/C++:     return $payload;
C/C++:            ^
C/C++: D:/hobby/wise_wallet/node_modules/react-native-screens/android/build/generated/source/codegen/jni/react/renderer/components/rnscreens/EventEmitters.cpp:53:60: warning: '$' in identifier [-Wdollar-in-identifier-extension]
C/C++: void RNSModalScreenEventEmitter::onWillAppear(OnWillAppear $event) const {
C/C++:                                                            ^
C/C++: D:/hobby/wise_wallet/node_modules/react-native-screens/android/build/generated/source/codegen/jni/react/renderer/components/rnscreens/EventEmitters.cpp:55:10: warning: '$' in identifier [-Wdollar-in-identifier-extension]
C/C++:     auto $payload = jsi::Object(runtime);
C/C++:          ^
C/C++: D:/hobby/wise_wallet/node_modules/react-native-screens/android/build/generated/source/codegen/jni/react/renderer/components/rnscreens/EventEmitters.cpp:57:12: warning: '$' in identifier [-Wdollar-in-identifier-extension]
C/C++:     return $payload;
C/C++:            ^
C/C++: D:/hobby/wise_wallet/node_modules/react-native-screens/android/build/generated/source/codegen/jni/react/renderer/components/rnscreens/EventEmitters.cpp:62:66: warning: '$' in identifier [-Wdollar-in-identifier-extension]
C/C++: void RNSModalScreenEventEmitter::onWillDisappear(OnWillDisappear $event) const {
C/C++:                                                                  ^
C/C++: D:/hobby/wise_wallet/node_modules/react-native-screens/android/build/generated/source/codegen/jni/react/renderer/components/rnscreens/EventEmitters.cpp:64:10: warning: '$' in identifier [-Wdollar-in-identifier-extension]
C/C++:     auto $payload = jsi::Object(runtime);
C/C++:          ^
C/C++: D:/hobby/wise_wallet/node_modules/react-native-screens/android/build/generated/source/codegen/jni/react/renderer/components/rnscreens/EventEmitters.cpp:66:12: warning: '$' in identifier [-Wdollar-in-identifier-extension]
C/C++:     return $payload;
C/C++:            ^
C/C++: D:/hobby/wise_wallet/node_modules/react-native-screens/android/build/generated/source/codegen/jni/react/renderer/components/rnscreens/EventEmitters.cpp:71:76: warning: '$' in identifier [-Wdollar-in-identifier-extension]
C/C++: void RNSModalScreenEventEmitter::onHeaderHeightChange(OnHeaderHeightChange $event) const {
C/C++:                                                                            ^
C/C++: D:/hobby/wise_wallet/node_modules/react-native-screens/android/build/generated/source/codegen/jni/react/renderer/components/rnscreens/EventEmitters.cpp:72:40: warning: '$' in identifier [-Wdollar-in-identifier-extension]
C/C++:   dispatchEvent("headerHeightChange", [$event=std::move($event)](jsi::Runtime &runtime) {
C/C++:                                        ^
C/C++: D:/hobby/wise_wallet/node_modules/react-native-screens/android/build/generated/source/codegen/jni/react/renderer/components/rnscreens/EventEmitters.cpp:72:57: warning: '$' in identifier [-Wdollar-in-identifier-extension]
C/C++:   dispatchEvent("headerHeightChange", [$event=std::move($event)](jsi::Runtime &runtime) {
C/C++:                                                         ^
C/C++: D:/hobby/wise_wallet/node_modules/react-native-screens/android/build/generated/source/codegen/jni/react/renderer/components/rnscreens/EventEmitters.cpp:73:10: warning: '$' in identifier [-Wdollar-in-identifier-extension]
C/C++:     auto $payload = jsi::Object(runtime);
C/C++:          ^
C/C++: D:/hobby/wise_wallet/node_modules/react-native-screens/android/build/generated/source/codegen/jni/react/renderer/components/rnscreens/EventEmitters.cpp:74:5: warning: '$' in identifier [-Wdollar-in-identifier-extension]
C/C++:     $payload.setProperty(runtime, "headerHeight", $event.headerHeight);
C/C++:     ^
C/C++: D:/hobby/wise_wallet/node_modules/react-native-screens/android/build/generated/source/codegen/jni/react/renderer/components/rnscreens/EventEmitters.cpp:74:51: warning: '$' in identifier [-Wdollar-in-identifier-extension]
C/C++:     $payload.setProperty(runtime, "headerHeight", $event.headerHeight);
C/C++:                                                   ^
C/C++: D:/hobby/wise_wallet/node_modules/react-native-screens/android/build/generated/source/codegen/jni/react/renderer/components/rnscreens/EventEmitters.cpp:75:12: warning: '$' in identifier [-Wdollar-in-identifier-extension]
C/C++:     return $payload;
C/C++:            ^
C/C++: D:/hobby/wise_wallet/node_modules/react-native-screens/android/build/generated/source/codegen/jni/react/renderer/components/rnscreens/EventEmitters.cpp:80:76: warning: '$' in identifier [-Wdollar-in-identifier-extension]
C/C++: void RNSModalScreenEventEmitter::onTransitionProgress(OnTransitionProgress $event) const {
C/C++:                                                                            ^
C/C++: D:/hobby/wise_wallet/node_modules/react-native-screens/android/build/generated/source/codegen/jni/react/renderer/components/rnscreens/EventEmitters.cpp:81:40: warning: '$' in identifier [-Wdollar-in-identifier-extension]
C/C++:   dispatchEvent("transitionProgress", [$event=std::move($event)](jsi::Runtime &runtime) {
C/C++:                                        ^
C/C++: D:/hobby/wise_wallet/node_modules/react-native-screens/android/build/generated/source/codegen/jni/react/renderer/components/rnscreens/EventEmitters.cpp:81:57: warning: '$' in identifier [-Wdollar-in-identifier-extension]
C/C++:   dispatchEvent("transitionProgress", [$event=std::move($event)](jsi::Runtime &runtime) {
C/C++:                                                         ^
C/C++: D:/hobby/wise_wallet/node_modules/react-native-screens/android/build/generated/source/codegen/jni/react/renderer/components/rnscreens/EventEmitters.cpp:82:10: warning: '$' in identifier [-Wdollar-in-identifier-extension]
C/C++:     auto $payload = jsi::Object(runtime);
C/C++:          ^
C/C++: D:/hobby/wise_wallet/node_modules/react-native-screens/android/build/generated/source/codegen/jni/react/renderer/components/rnscreens/EventEmitters.cpp:83:5: warning: '$' in identifier [-Wdollar-in-identifier-extension]
C/C++:     $payload.setProperty(runtime, "progress", $event.progress);
C/C++:     ^
C/C++: D:/hobby/wise_wallet/node_modules/react-native-screens/android/build/generated/source/codegen/jni/react/renderer/components/rnscreens/EventEmitters.cpp:83:47: warning: '$' in identifier [-Wdollar-in-identifier-extension]
C/C++:     $payload.setProperty(runtime, "progress", $event.progress);
C/C++:                                               ^
C/C++: D:/hobby/wise_wallet/node_modules/react-native-screens/android/build/generated/source/codegen/jni/react/renderer/components/rnscreens/EventEmitters.cpp:84:1: warning: '$' in identifier [-Wdollar-in-identifier-extension]
C/C++: $payload.setProperty(runtime, "closing", $event.closing);
C/C++: ^
C/C++: D:/hobby/wise_wallet/node_modules/react-native-screens/android/build/generated/source/codegen/jni/react/renderer/components/rnscreens/EventEmitters.cpp:84:42: warning: '$' in identifier [-Wdollar-in-identifier-extension]
C/C++: $payload.setProperty(runtime, "closing", $event.closing);
C/C++:                                          ^
C/C++: D:/hobby/wise_wallet/node_modules/react-native-screens/android/build/generated/source/codegen/jni/react/renderer/components/rnscreens/EventEmitters.cpp:85:1: warning: '$' in identifier [-Wdollar-in-identifier-extension]
C/C++: $payload.setProperty(runtime, "goingForward", $event.goingForward);
C/C++: ^
C/C++: D:/hobby/wise_wallet/node_modules/react-native-screens/android/build/generated/source/codegen/jni/react/renderer/components/rnscreens/EventEmitters.cpp:85:47: warning: '$' in identifier [-Wdollar-in-identifier-extension]
C/C++: $payload.setProperty(runtime, "goingForward", $event.goingForward);
C/C++:                                               ^
C/C++: D:/hobby/wise_wallet/node_modules/react-native-screens/android/build/generated/source/codegen/jni/react/renderer/components/rnscreens/EventEmitters.cpp:86:12: warning: '$' in identifier [-Wdollar-in-identifier-extension]
C/C++:     return $payload;
C/C++:            ^
C/C++: D:/hobby/wise_wallet/node_modules/react-native-screens/android/build/generated/source/codegen/jni/react/renderer/components/rnscreens/EventEmitters.cpp:91:66: warning: '$' in identifier [-Wdollar-in-identifier-extension]
C/C++: void RNSModalScreenEventEmitter::onGestureCancel(OnGestureCancel $event) const {
C/C++:                                                                  ^
C/C++: D:/hobby/wise_wallet/node_modules/react-native-screens/android/build/generated/source/codegen/jni/react/renderer/components/rnscreens/EventEmitters.cpp:93:10: warning: '$' in identifier [-Wdollar-in-identifier-extension]
C/C++:     auto $payload = jsi::Object(runtime);
C/C++:          ^
C/C++: D:/hobby/wise_wallet/node_modules/react-native-screens/android/build/generated/source/codegen/jni/react/renderer/components/rnscreens/EventEmitters.cpp:95:12: warning: '$' in identifier [-Wdollar-in-identifier-extension]
C/C++:     return $payload;
C/C++:            ^
C/C++: D:/hobby/wise_wallet/node_modules/react-native-screens/android/build/generated/source/codegen/jni/react/renderer/components/rnscreens/EventEmitters.cpp:100:86: warning: '$' in identifier [-Wdollar-in-identifier-extension]
C/C++: void RNSModalScreenEventEmitter::onHeaderBackButtonClicked(OnHeaderBackButtonClicked $event) const {
C/C++:                                                                                      ^
C/C++: D:/hobby/wise_wallet/node_modules/react-native-screens/android/build/generated/source/codegen/jni/react/renderer/components/rnscreens/EventEmitters.cpp:102:10: warning: '$' in identifier [-Wdollar-in-identifier-extension]
C/C++:     auto $payload = jsi::Object(runtime);
C/C++:          ^
C/C++: D:/hobby/wise_wallet/node_modules/react-native-screens/android/build/generated/source/codegen/jni/react/renderer/components/rnscreens/EventEmitters.cpp:104:12: warning: '$' in identifier [-Wdollar-in-identifier-extension]
C/C++:     return $payload;
C/C++:            ^
C/C++: D:/hobby/wise_wallet/node_modules/react-native-screens/android/build/generated/source/codegen/jni/react/renderer/components/rnscreens/EventEmitters.cpp:109:76: warning: '$' in identifier [-Wdollar-in-identifier-extension]
C/C++: void RNSModalScreenEventEmitter::onSheetDetentChanged(OnSheetDetentChanged $event) const {
C/C++:                                                                            ^
C/C++: D:/hobby/wise_wallet/node_modules/react-native-screens/android/build/generated/source/codegen/jni/react/renderer/components/rnscreens/EventEmitters.cpp:110:40: warning: '$' in identifier [-Wdollar-in-identifier-extension]
C/C++:   dispatchEvent("sheetDetentChanged", [$event=std::move($event)](jsi::Runtime &runtime) {
C/C++:                                        ^
C/C++: D:/hobby/wise_wallet/node_modules/react-native-screens/android/build/generated/source/codegen/jni/react/renderer/components/rnscreens/EventEmitters.cpp:110:57: warning: '$' in identifier [-Wdollar-in-identifier-extension]
C/C++:   dispatchEvent("sheetDetentChanged", [$event=std::move($event)](jsi::Runtime &runtime) {
C/C++:                                                         ^
C/C++: D:/hobby/wise_wallet/node_modules/react-native-screens/android/build/generated/source/codegen/jni/react/renderer/components/rnscreens/EventEmitters.cpp:111:10: warning: '$' in identifier [-Wdollar-in-identifier-extension]
C/C++:     auto $payload = jsi::Object(runtime);
C/C++:          ^
C/C++: D:/hobby/wise_wallet/node_modules/react-native-screens/android/build/generated/source/codegen/jni/react/renderer/components/rnscreens/EventEmitters.cpp:112:5: warning: '$' in identifier [-Wdollar-in-identifier-extension]
C/C++:     $payload.setProperty(runtime, "index", $event.index);
C/C++:     ^
C/C++: D:/hobby/wise_wallet/node_modules/react-native-screens/android/build/generated/source/codegen/jni/react/renderer/components/rnscreens/EventEmitters.cpp:112:44: warning: '$' in identifier [-Wdollar-in-identifier-extension]
C/C++:     $payload.setProperty(runtime, "index", $event.index);
C/C++:                                            ^
C/C++: D:/hobby/wise_wallet/node_modules/react-native-screens/android/build/generated/source/codegen/jni/react/renderer/components/rnscreens/EventEmitters.cpp:113:1: warning: '$' in identifier [-Wdollar-in-identifier-extension]
C/C++: $payload.setProperty(runtime, "isStable", $event.isStable);
C/C++: ^
C/C++: D:/hobby/wise_wallet/node_modules/react-native-screens/android/build/generated/source/codegen/jni/react/renderer/components/rnscreens/EventEmitters.cpp:113:43: warning: '$' in identifier [-Wdollar-in-identifier-extension]
C/C++: $payload.setProperty(runtime, "isStable", $event.isStable);
C/C++:                                           ^
C/C++: D:/hobby/wise_wallet/node_modules/react-native-screens/android/build/generated/source/codegen/jni/react/renderer/components/rnscreens/EventEmitters.cpp:114:12: warning: '$' in identifier [-Wdollar-in-identifier-extension]
C/C++:     return $payload;
C/C++:            ^
C/C++: D:/hobby/wise_wallet/node_modules/react-native-screens/android/build/generated/source/codegen/jni/react/renderer/components/rnscreens/EventEmitters.cpp:122:47: warning: '$' in identifier [-Wdollar-in-identifier-extension]
C/C++: void RNSScreenEventEmitter::onAppear(OnAppear $event) const {
C/C++:                                               ^
C/C++: D:/hobby/wise_wallet/node_modules/react-native-screens/android/build/generated/source/codegen/jni/react/renderer/components/rnscreens/EventEmitters.cpp:124:10: warning: '$' in identifier [-Wdollar-in-identifier-extension]
C/C++:     auto $payload = jsi::Object(runtime);
C/C++:          ^
C/C++: D:/hobby/wise_wallet/node_modules/react-native-screens/android/build/generated/source/codegen/jni/react/renderer/components/rnscreens/EventEmitters.cpp:126:12: warning: '$' in identifier [-Wdollar-in-identifier-extension]
C/C++:     return $payload;
C/C++:            ^
C/C++: D:/hobby/wise_wallet/node_modules/react-native-screens/android/build/generated/source/codegen/jni/react/renderer/components/rnscreens/EventEmitters.cpp:131:53: warning: '$' in identifier [-Wdollar-in-identifier-extension]
C/C++: void RNSScreenEventEmitter::onDisappear(OnDisappear $event) const {
C/C++:                                                     ^
C/C++: D:/hobby/wise_wallet/node_modules/react-native-screens/android/build/generated/source/codegen/jni/react/renderer/components/rnscreens/EventEmitters.cpp:133:10: warning: '$' in identifier [-Wdollar-in-identifier-extension]
C/C++:     auto $payload = jsi::Object(runtime);
C/C++:          ^
C/C++: D:/hobby/wise_wallet/node_modules/react-native-screens/android/build/generated/source/codegen/jni/react/renderer/components/rnscreens/EventEmitters.cpp:135:12: warning: '$' in identifier [-Wdollar-in-identifier-extension]
C/C++:     return $payload;
C/C++:            ^
C/C++: D:/hobby/wise_wallet/node_modules/react-native-screens/android/build/generated/source/codegen/jni/react/renderer/components/rnscreens/EventEmitters.cpp:140:53: warning: '$' in identifier [-Wdollar-in-identifier-extension]
C/C++: void RNSScreenEventEmitter::onDismissed(OnDismissed $event) const {
C/C++:                                                     ^
C/C++: D:/hobby/wise_wallet/node_modules/react-native-screens/android/build/generated/source/codegen/jni/react/renderer/components/rnscreens/EventEmitters.cpp:141:31: warning: '$' in identifier [-Wdollar-in-identifier-extension]
C/C++:   dispatchEvent("dismissed", [$event=std::move($event)](jsi::Runtime &runtime) {
C/C++:                               ^
C/C++: D:/hobby/wise_wallet/node_modules/react-native-screens/android/build/generated/source/codegen/jni/react/renderer/components/rnscreens/EventEmitters.cpp:141:48: warning: '$' in identifier [-Wdollar-in-identifier-extension]
C/C++:   dispatchEvent("dismissed", [$event=std::move($event)](jsi::Runtime &runtime) {
C/C++:                                                ^
C/C++: D:/hobby/wise_wallet/node_modules/react-native-screens/android/build/generated/source/codegen/jni/react/renderer/components/rnscreens/EventEmitters.cpp:142:10: warning: '$' in identifier [-Wdollar-in-identifier-extension]
C/C++:     auto $payload = jsi::Object(runtime);
C/C++:          ^
C/C++: D:/hobby/wise_wallet/node_modules/react-native-screens/android/build/generated/source/codegen/jni/react/renderer/components/rnscreens/EventEmitters.cpp:143:5: warning: '$' in identifier [-Wdollar-in-identifier-extension]
C/C++:     $payload.setProperty(runtime, "dismissCount", $event.dismissCount);
C/C++:     ^
C/C++: D:/hobby/wise_wallet/node_modules/react-native-screens/android/build/generated/source/codegen/jni/react/renderer/components/rnscreens/EventEmitters.cpp:143:51: warning: '$' in identifier [-Wdollar-in-identifier-extension]
C/C++:     $payload.setProperty(runtime, "dismissCount", $event.dismissCount);
C/C++:                                                   ^
C/C++: D:/hobby/wise_wallet/node_modules/react-native-screens/android/build/generated/source/codegen/jni/react/renderer/components/rnscreens/EventEmitters.cpp:144:12: warning: '$' in identifier [-Wdollar-in-identifier-extension]
C/C++:     return $payload;
C/C++:            ^
C/C++: D:/hobby/wise_wallet/node_modules/react-native-screens/android/build/generated/source/codegen/jni/react/renderer/components/rnscreens/EventEmitters.cpp:149:79: warning: '$' in identifier [-Wdollar-in-identifier-extension]
C/C++: void RNSScreenEventEmitter::onNativeDismissCancelled(OnNativeDismissCancelled $event) const {
C/C++:                                                                               ^
C/C++: D:/hobby/wise_wallet/node_modules/react-native-screens/android/build/generated/source/codegen/jni/react/renderer/components/rnscreens/EventEmitters.cpp:150:44: warning: '$' in identifier [-Wdollar-in-identifier-extension]
C/C++:   dispatchEvent("nativeDismissCancelled", [$event=std::move($event)](jsi::Runtime &runtime) {
C/C++:                                            ^
C/C++: D:/hobby/wise_wallet/node_modules/react-native-screens/android/build/generated/source/codegen/jni/react/renderer/components/rnscreens/EventEmitters.cpp:150:61: warning: '$' in identifier [-Wdollar-in-identifier-extension]
C/C++:   dispatchEvent("nativeDismissCancelled", [$event=std::move($event)](jsi::Runtime &runtime) {
C/C++:                                                             ^
C/C++: D:/hobby/wise_wallet/node_modules/react-native-screens/android/build/generated/source/codegen/jni/react/renderer/components/rnscreens/EventEmitters.cpp:151:10: warning: '$' in identifier [-Wdollar-in-identifier-extension]
C/C++:     auto $payload = jsi::Object(runtime);
C/C++:          ^
C/C++: D:/hobby/wise_wallet/node_modules/react-native-screens/android/build/generated/source/codegen/jni/react/renderer/components/rnscreens/EventEmitters.cpp:152:5: warning: '$' in identifier [-Wdollar-in-identifier-extension]
C/C++:     $payload.setProperty(runtime, "dismissCount", $event.dismissCount);
C/C++:     ^
C/C++: D:/hobby/wise_wallet/node_modules/react-native-screens/android/build/generated/source/codegen/jni/react/renderer/components/rnscreens/EventEmitters.cpp:152:51: warning: '$' in identifier [-Wdollar-in-identifier-extension]
C/C++:     $payload.setProperty(runtime, "dismissCount", $event.dismissCount);
C/C++:                                                   ^
C/C++: D:/hobby/wise_wallet/node_modules/react-native-screens/android/build/generated/source/codegen/jni/react/renderer/components/rnscreens/EventEmitters.cpp:153:12: warning: '$' in identifier [-Wdollar-in-identifier-extension]
C/C++:     return $payload;
C/C++:            ^
C/C++: D:/hobby/wise_wallet/node_modules/react-native-screens/android/build/generated/source/codegen/jni/react/renderer/components/rnscreens/EventEmitters.cpp:158:55: warning: '$' in identifier [-Wdollar-in-identifier-extension]
C/C++: void RNSScreenEventEmitter::onWillAppear(OnWillAppear $event) const {
C/C++:                                                       ^
C/C++: D:/hobby/wise_wallet/node_modules/react-native-screens/android/build/generated/source/codegen/jni/react/renderer/components/rnscreens/EventEmitters.cpp:160:10: warning: '$' in identifier [-Wdollar-in-identifier-extension]
C/C++:     auto $payload = jsi::Object(runtime);
C/C++:          ^
C/C++: D:/hobby/wise_wallet/node_modules/react-native-screens/android/build/generated/source/codegen/jni/react/renderer/components/rnscreens/EventEmitters.cpp:162:12: warning: '$' in identifier [-Wdollar-in-identifier-extension]
C/C++:     return $payload;
C/C++:            ^
C/C++: D:/hobby/wise_wallet/node_modules/react-native-screens/android/build/generated/source/codegen/jni/react/renderer/components/rnscreens/EventEmitters.cpp:167:61: warning: '$' in identifier [-Wdollar-in-identifier-extension]
C/C++: void RNSScreenEventEmitter::onWillDisappear(OnWillDisappear $event) const {
C/C++:                                                             ^
C/C++: D:/hobby/wise_wallet/node_modules/react-native-screens/android/build/generated/source/codegen/jni/react/renderer/components/rnscreens/EventEmitters.cpp:169:10: warning: '$' in identifier [-Wdollar-in-identifier-extension]
C/C++:     auto $payload = jsi::Object(runtime);
C/C++:          ^
C/C++: D:/hobby/wise_wallet/node_modules/react-native-screens/android/build/generated/source/codegen/jni/react/renderer/components/rnscreens/EventEmitters.cpp:171:12: warning: '$' in identifier [-Wdollar-in-identifier-extension]
C/C++:     return $payload;
C/C++:            ^
C/C++: D:/hobby/wise_wallet/node_modules/react-native-screens/android/build/generated/source/codegen/jni/react/renderer/components/rnscreens/EventEmitters.cpp:176:71: warning: '$' in identifier [-Wdollar-in-identifier-extension]
C/C++: void RNSScreenEventEmitter::onHeaderHeightChange(OnHeaderHeightChange $event) const {
C/C++:                                                                       ^
C/C++: D:/hobby/wise_wallet/node_modules/react-native-screens/android/build/generated/source/codegen/jni/react/renderer/components/rnscreens/EventEmitters.cpp:177:40: warning: '$' in identifier [-Wdollar-in-identifier-extension]
C/C++:   dispatchEvent("headerHeightChange", [$event=std::move($event)](jsi::Runtime &runtime) {
C/C++:                                        ^
C/C++: D:/hobby/wise_wallet/node_modules/react-native-screens/android/build/generated/source/codegen/jni/react/renderer/components/rnscreens/EventEmitters.cpp:177:57: warning: '$' in identifier [-Wdollar-in-identifier-extension]
C/C++:   dispatchEvent("headerHeightChange", [$event=std::move($event)](jsi::Runtime &runtime) {
C/C++:                                                         ^
C/C++: D:/hobby/wise_wallet/node_modules/react-native-screens/android/build/generated/source/codegen/jni/react/renderer/components/rnscreens/EventEmitters.cpp:178:10: warning: '$' in identifier [-Wdollar-in-identifier-extension]
C/C++:     auto $payload = jsi::Object(runtime);
C/C++:          ^
C/C++: D:/hobby/wise_wallet/node_modules/react-native-screens/android/build/generated/source/codegen/jni/react/renderer/components/rnscreens/EventEmitters.cpp:179:5: warning: '$' in identifier [-Wdollar-in-identifier-extension]
C/C++:     $payload.setProperty(runtime, "headerHeight", $event.headerHeight);
C/C++:     ^
C/C++: D:/hobby/wise_wallet/node_modules/react-native-screens/android/build/generated/source/codegen/jni/react/renderer/components/rnscreens/EventEmitters.cpp:179:51: warning: '$' in identifier [-Wdollar-in-identifier-extension]
C/C++:     $payload.setProperty(runtime, "headerHeight", $event.headerHeight);
C/C++:                                                   ^
C/C++: D:/hobby/wise_wallet/node_modules/react-native-screens/android/build/generated/source/codegen/jni/react/renderer/components/rnscreens/EventEmitters.cpp:180:12: warning: '$' in identifier [-Wdollar-in-identifier-extension]
C/C++:     return $payload;
C/C++:            ^
C/C++: D:/hobby/wise_wallet/node_modules/react-native-screens/android/build/generated/source/codegen/jni/react/renderer/components/rnscreens/EventEmitters.cpp:185:71: warning: '$' in identifier [-Wdollar-in-identifier-extension]
C/C++: void RNSScreenEventEmitter::onTransitionProgress(OnTransitionProgress $event) const {
C/C++:                                                                       ^
C/C++: D:/hobby/wise_wallet/node_modules/react-native-screens/android/build/generated/source/codegen/jni/react/renderer/components/rnscreens/EventEmitters.cpp:186:40: warning: '$' in identifier [-Wdollar-in-identifier-extension]
C/C++:   dispatchEvent("transitionProgress", [$event=std::move($event)](jsi::Runtime &runtime) {
C/C++:                                        ^
C/C++: D:/hobby/wise_wallet/node_modules/react-native-screens/android/build/generated/source/codegen/jni/react/renderer/components/rnscreens/EventEmitters.cpp:186:57: warning: '$' in identifier [-Wdollar-in-identifier-extension]
C/C++:   dispatchEvent("transitionProgress", [$event=std::move($event)](jsi::Runtime &runtime) {
C/C++:                                                         ^
C/C++: D:/hobby/wise_wallet/node_modules/react-native-screens/android/build/generated/source/codegen/jni/react/renderer/components/rnscreens/EventEmitters.cpp:187:10: warning: '$' in identifier [-Wdollar-in-identifier-extension]
C/C++:     auto $payload = jsi::Object(runtime);
C/C++:          ^
C/C++: D:/hobby/wise_wallet/node_modules/react-native-screens/android/build/generated/source/codegen/jni/react/renderer/components/rnscreens/EventEmitters.cpp:188:5: warning: '$' in identifier [-Wdollar-in-identifier-extension]
C/C++:     $payload.setProperty(runtime, "progress", $event.progress);
C/C++:     ^
C/C++: D:/hobby/wise_wallet/node_modules/react-native-screens/android/build/generated/source/codegen/jni/react/renderer/components/rnscreens/EventEmitters.cpp:188:47: warning: '$' in identifier [-Wdollar-in-identifier-extension]
C/C++:     $payload.setProperty(runtime, "progress", $event.progress);
C/C++:                                               ^
C/C++: D:/hobby/wise_wallet/node_modules/react-native-screens/android/build/generated/source/codegen/jni/react/renderer/components/rnscreens/EventEmitters.cpp:189:1: warning: '$' in identifier [-Wdollar-in-identifier-extension]
C/C++: $payload.setProperty(runtime, "closing", $event.closing);
C/C++: ^
C/C++: D:/hobby/wise_wallet/node_modules/react-native-screens/android/build/generated/source/codegen/jni/react/renderer/components/rnscreens/EventEmitters.cpp:189:42: warning: '$' in identifier [-Wdollar-in-identifier-extension]
C/C++: $payload.setProperty(runtime, "closing", $event.closing);
C/C++:                                          ^
C/C++: D:/hobby/wise_wallet/node_modules/react-native-screens/android/build/generated/source/codegen/jni/react/renderer/components/rnscreens/EventEmitters.cpp:190:1: warning: '$' in identifier [-Wdollar-in-identifier-extension]
C/C++: $payload.setProperty(runtime, "goingForward", $event.goingForward);
C/C++: ^
C/C++: D:/hobby/wise_wallet/node_modules/react-native-screens/android/build/generated/source/codegen/jni/react/renderer/components/rnscreens/EventEmitters.cpp:190:47: warning: '$' in identifier [-Wdollar-in-identifier-extension]
C/C++: $payload.setProperty(runtime, "goingForward", $event.goingForward);
C/C++:                                               ^
C/C++: D:/hobby/wise_wallet/node_modules/react-native-screens/android/build/generated/source/codegen/jni/react/renderer/components/rnscreens/EventEmitters.cpp:191:12: warning: '$' in identifier [-Wdollar-in-identifier-extension]
C/C++:     return $payload;
C/C++:            ^
C/C++: D:/hobby/wise_wallet/node_modules/react-native-screens/android/build/generated/source/codegen/jni/react/renderer/components/rnscreens/EventEmitters.cpp:196:61: warning: '$' in identifier [-Wdollar-in-identifier-extension]
C/C++: void RNSScreenEventEmitter::onGestureCancel(OnGestureCancel $event) const {
C/C++:                                                             ^
C/C++: D:/hobby/wise_wallet/node_modules/react-native-screens/android/build/generated/source/codegen/jni/react/renderer/components/rnscreens/EventEmitters.cpp:198:10: warning: '$' in identifier [-Wdollar-in-identifier-extension]
C/C++:     auto $payload = jsi::Object(runtime);
C/C++:          ^
C/C++: D:/hobby/wise_wallet/node_modules/react-native-screens/android/build/generated/source/codegen/jni/react/renderer/components/rnscreens/EventEmitters.cpp:200:12: warning: '$' in identifier [-Wdollar-in-identifier-extension]
C/C++:     return $payload;
C/C++:            ^
C/C++: D:/hobby/wise_wallet/node_modules/react-native-screens/android/build/generated/source/codegen/jni/react/renderer/components/rnscreens/EventEmitters.cpp:205:81: warning: '$' in identifier [-Wdollar-in-identifier-extension]
C/C++: void RNSScreenEventEmitter::onHeaderBackButtonClicked(OnHeaderBackButtonClicked $event) const {
C/C++:                                                                                 ^
C/C++: D:/hobby/wise_wallet/node_modules/react-native-screens/android/build/generated/source/codegen/jni/react/renderer/components/rnscreens/EventEmitters.cpp:207:10: warning: '$' in identifier [-Wdollar-in-identifier-extension]
C/C++:     auto $payload = jsi::Object(runtime);
C/C++:          ^
C/C++: D:/hobby/wise_wallet/node_modules/react-native-screens/android/build/generated/source/codegen/jni/react/renderer/components/rnscreens/EventEmitters.cpp:209:12: warning: '$' in identifier [-Wdollar-in-identifier-extension]
C/C++:     return $payload;
C/C++:            ^
C/C++: D:/hobby/wise_wallet/node_modules/react-native-screens/android/build/generated/source/codegen/jni/react/renderer/components/rnscreens/EventEmitters.cpp:214:71: warning: '$' in identifier [-Wdollar-in-identifier-extension]
C/C++: void RNSScreenEventEmitter::onSheetDetentChanged(OnSheetDetentChanged $event) const {
C/C++:                                                                       ^
C/C++: D:/hobby/wise_wallet/node_modules/react-native-screens/android/build/generated/source/codegen/jni/react/renderer/components/rnscreens/EventEmitters.cpp:215:40: warning: '$' in identifier [-Wdollar-in-identifier-extension]
C/C++:   dispatchEvent("sheetDetentChanged", [$event=std::move($event)](jsi::Runtime &runtime) {
C/C++:                                        ^
C/C++: D:/hobby/wise_wallet/node_modules/react-native-screens/android/build/generated/source/codegen/jni/react/renderer/components/rnscreens/EventEmitters.cpp:215:57: warning: '$' in identifier [-Wdollar-in-identifier-extension]
C/C++:   dispatchEvent("sheetDetentChanged", [$event=std::move($event)](jsi::Runtime &runtime) {
C/C++:                                                         ^
C/C++: D:/hobby/wise_wallet/node_modules/react-native-screens/android/build/generated/source/codegen/jni/react/renderer/components/rnscreens/EventEmitters.cpp:216:10: warning: '$' in identifier [-Wdollar-in-identifier-extension]
C/C++:     auto $payload = jsi::Object(runtime);
C/C++:          ^
C/C++: D:/hobby/wise_wallet/node_modules/react-native-screens/android/build/generated/source/codegen/jni/react/renderer/components/rnscreens/EventEmitters.cpp:217:5: warning: '$' in identifier [-Wdollar-in-identifier-extension]
C/C++:     $payload.setProperty(runtime, "index", $event.index);
C/C++:     ^
C/C++: D:/hobby/wise_wallet/node_modules/react-native-screens/android/build/generated/source/codegen/jni/react/renderer/components/rnscreens/EventEmitters.cpp:217:44: warning: '$' in identifier [-Wdollar-in-identifier-extension]
C/C++:     $payload.setProperty(runtime, "index", $event.index);
C/C++:                                            ^
C/C++: D:/hobby/wise_wallet/node_modules/react-native-screens/android/build/generated/source/codegen/jni/react/renderer/components/rnscreens/EventEmitters.cpp:218:1: warning: '$' in identifier [-Wdollar-in-identifier-extension]
C/C++: $payload.setProperty(runtime, "isStable", $event.isStable);
C/C++: ^
C/C++: D:/hobby/wise_wallet/node_modules/react-native-screens/android/build/generated/source/codegen/jni/react/renderer/components/rnscreens/EventEmitters.cpp:218:43: warning: '$' in identifier [-Wdollar-in-identifier-extension]
C/C++: $payload.setProperty(runtime, "isStable", $event.isStable);
C/C++:                                           ^
C/C++: D:/hobby/wise_wallet/node_modules/react-native-screens/android/build/generated/source/codegen/jni/react/renderer/components/rnscreens/EventEmitters.cpp:219:12: warning: '$' in identifier [-Wdollar-in-identifier-extension]
C/C++:     return $payload;
C/C++:            ^
C/C++: D:/hobby/wise_wallet/node_modules/react-native-screens/android/build/generated/source/codegen/jni/react/renderer/components/rnscreens/EventEmitters.cpp:225:68: warning: '$' in identifier [-Wdollar-in-identifier-extension]
C/C++: void RNSScreenStackHeaderConfigEventEmitter::onAttached(OnAttached $event) const {
C/C++:                                                                    ^
C/C++: D:/hobby/wise_wallet/node_modules/react-native-screens/android/build/generated/source/codegen/jni/react/renderer/components/rnscreens/EventEmitters.cpp:227:10: warning: '$' in identifier [-Wdollar-in-identifier-extension]
C/C++:     auto $payload = jsi::Object(runtime);
C/C++:          ^
C/C++: D:/hobby/wise_wallet/node_modules/react-native-screens/android/build/generated/source/codegen/jni/react/renderer/components/rnscreens/EventEmitters.cpp:229:12: warning: '$' in identifier [-Wdollar-in-identifier-extension]
C/C++:     return $payload;
C/C++:            ^
C/C++: D:/hobby/wise_wallet/node_modules/react-native-screens/android/build/generated/source/codegen/jni/react/renderer/components/rnscreens/EventEmitters.cpp:234:68: warning: '$' in identifier [-Wdollar-in-identifier-extension]
C/C++: void RNSScreenStackHeaderConfigEventEmitter::onDetached(OnDetached $event) const {
C/C++:                                                                    ^
C/C++: D:/hobby/wise_wallet/node_modules/react-native-screens/android/build/generated/source/codegen/jni/react/renderer/components/rnscreens/EventEmitters.cpp:236:10: warning: '$' in identifier [-Wdollar-in-identifier-extension]
C/C++:     auto $payload = jsi::Object(runtime);
C/C++:          ^
C/C++: D:/hobby/wise_wallet/node_modules/react-native-screens/android/build/generated/source/codegen/jni/react/renderer/components/rnscreens/EventEmitters.cpp:238:12: warning: '$' in identifier [-Wdollar-in-identifier-extension]
C/C++:     return $payload;
C/C++:            ^
C/C++: D:/hobby/wise_wallet/node_modules/react-native-screens/android/build/generated/source/codegen/jni/react/renderer/components/rnscreens/EventEmitters.cpp:244:78: warning: '$' in identifier [-Wdollar-in-identifier-extension]
C/C++: void RNSScreenStackEventEmitter::onFinishTransitioning(OnFinishTransitioning $event) const {
C/C++:                                                                              ^
C/C++: D:/hobby/wise_wallet/node_modules/react-native-screens/android/build/generated/source/codegen/jni/react/renderer/components/rnscreens/EventEmitters.cpp:246:10: warning: '$' in identifier [-Wdollar-in-identifier-extension]
C/C++:     auto $payload = jsi::Object(runtime);
C/C++:          ^
C/C++: D:/hobby/wise_wallet/node_modules/react-native-screens/android/build/generated/source/codegen/jni/react/renderer/components/rnscreens/EventEmitters.cpp:248:12: warning: '$' in identifier [-Wdollar-in-identifier-extension]
C/C++:     return $payload;
C/C++:            ^
C/C++: D:/hobby/wise_wallet/node_modules/react-native-screens/android/build/generated/source/codegen/jni/react/renderer/components/rnscreens/EventEmitters.cpp:253:60: warning: '$' in identifier [-Wdollar-in-identifier-extension]
C/C++: void RNSSearchBarEventEmitter::onSearchFocus(OnSearchFocus $event) const {
C/C++:                                                            ^
C/C++: D:/hobby/wise_wallet/node_modules/react-native-screens/android/build/generated/source/codegen/jni/react/renderer/components/rnscreens/EventEmitters.cpp:255:10: warning: '$' in identifier [-Wdollar-in-identifier-extension]
C/C++:     auto $payload = jsi::Object(runtime);
C/C++:          ^
C/C++: D:/hobby/wise_wallet/node_modules/react-native-screens/android/build/generated/source/codegen/jni/react/renderer/components/rnscreens/EventEmitters.cpp:257:12: warning: '$' in identifier [-Wdollar-in-identifier-extension]
C/C++:     return $payload;
C/C++:            ^
C/C++: D:/hobby/wise_wallet/node_modules/react-native-screens/android/build/generated/source/codegen/jni/react/renderer/components/rnscreens/EventEmitters.cpp:262:58: warning: '$' in identifier [-Wdollar-in-identifier-extension]
C/C++: void RNSSearchBarEventEmitter::onSearchBlur(OnSearchBlur $event) const {
C/C++:                                                          ^
C/C++: D:/hobby/wise_wallet/node_modules/react-native-screens/android/build/generated/source/codegen/jni/react/renderer/components/rnscreens/EventEmitters.cpp:264:10: warning: '$' in identifier [-Wdollar-in-identifier-extension]
C/C++:     auto $payload = jsi::Object(runtime);
C/C++:          ^
C/C++: D:/hobby/wise_wallet/node_modules/react-native-screens/android/build/generated/source/codegen/jni/react/renderer/components/rnscreens/EventEmitters.cpp:266:12: warning: '$' in identifier [-Wdollar-in-identifier-extension]
C/C++:     return $payload;
C/C++:            ^
C/C++: D:/hobby/wise_wallet/node_modules/react-native-screens/android/build/generated/source/codegen/jni/react/renderer/components/rnscreens/EventEmitters.cpp:271:72: warning: '$' in identifier [-Wdollar-in-identifier-extension]
C/C++: void RNSSearchBarEventEmitter::onSearchButtonPress(OnSearchButtonPress $event) const {
C/C++:                                                                        ^
C/C++: D:/hobby/wise_wallet/node_modules/react-native-screens/android/build/generated/source/codegen/jni/react/renderer/components/rnscreens/EventEmitters.cpp:272:39: warning: '$' in identifier [-Wdollar-in-identifier-extension]
C/C++:   dispatchEvent("searchButtonPress", [$event=std::move($event)](jsi::Runtime &runtime) {
C/C++:                                       ^
C/C++: D:/hobby/wise_wallet/node_modules/react-native-screens/android/build/generated/source/codegen/jni/react/renderer/components/rnscreens/EventEmitters.cpp:272:56: warning: '$' in identifier [-Wdollar-in-identifier-extension]
C/C++:   dispatchEvent("searchButtonPress", [$event=std::move($event)](jsi::Runtime &runtime) {
C/C++:                                                        ^
C/C++: D:/hobby/wise_wallet/node_modules/react-native-screens/android/build/generated/source/codegen/jni/react/renderer/components/rnscreens/EventEmitters.cpp:273:10: warning: '$' in identifier [-Wdollar-in-identifier-extension]
C/C++:     auto $payload = jsi::Object(runtime);
C/C++:          ^
C/C++: D:/hobby/wise_wallet/node_modules/react-native-screens/android/build/generated/source/codegen/jni/react/renderer/components/rnscreens/EventEmitters.cpp:274:5: warning: '$' in identifier [-Wdollar-in-identifier-extension]
C/C++:     $payload.setProperty(runtime, "text", $event.text);
C/C++:     ^
C/C++: D:/hobby/wise_wallet/node_modules/react-native-screens/android/build/generated/source/codegen/jni/react/renderer/components/rnscreens/EventEmitters.cpp:274:43: warning: '$' in identifier [-Wdollar-in-identifier-extension]
C/C++:     $payload.setProperty(runtime, "text", $event.text);
C/C++:                                           ^
C/C++: D:/hobby/wise_wallet/node_modules/react-native-screens/android/build/generated/source/codegen/jni/react/renderer/components/rnscreens/EventEmitters.cpp:275:12: warning: '$' in identifier [-Wdollar-in-identifier-extension]
C/C++:     return $payload;
C/C++:            ^
C/C++: D:/hobby/wise_wallet/node_modules/react-native-screens/android/build/generated/source/codegen/jni/react/renderer/components/rnscreens/EventEmitters.cpp:280:72: warning: '$' in identifier [-Wdollar-in-identifier-extension]
C/C++: void RNSSearchBarEventEmitter::onCancelButtonPress(OnCancelButtonPress $event) const {
C/C++:                                                                        ^
C/C++: D:/hobby/wise_wallet/node_modules/react-native-screens/android/build/generated/source/codegen/jni/react/renderer/components/rnscreens/EventEmitters.cpp:282:10: warning: '$' in identifier [-Wdollar-in-identifier-extension]
C/C++:     auto $payload = jsi::Object(runtime);
C/C++:          ^
C/C++: D:/hobby/wise_wallet/node_modules/react-native-screens/android/build/generated/source/codegen/jni/react/renderer/components/rnscreens/EventEmitters.cpp:284:12: warning: '$' in identifier [-Wdollar-in-identifier-extension]
C/C++:     return $payload;
C/C++:            ^
C/C++: D:/hobby/wise_wallet/node_modules/react-native-screens/android/build/generated/source/codegen/jni/react/renderer/components/rnscreens/EventEmitters.cpp:289:58: warning: '$' in identifier [-Wdollar-in-identifier-extension]
C/C++: void RNSSearchBarEventEmitter::onChangeText(OnChangeText $event) const {
C/C++:                                                          ^
C/C++: D:/hobby/wise_wallet/node_modules/react-native-screens/android/build/generated/source/codegen/jni/react/renderer/components/rnscreens/EventEmitters.cpp:290:32: warning: '$' in identifier [-Wdollar-in-identifier-extension]
C/C++:   dispatchEvent("changeText", [$event=std::move($event)](jsi::Runtime &runtime) {
C/C++:                                ^
C/C++: D:/hobby/wise_wallet/node_modules/react-native-screens/android/build/generated/source/codegen/jni/react/renderer/components/rnscreens/EventEmitters.cpp:290:49: warning: '$' in identifier [-Wdollar-in-identifier-extension]
C/C++:   dispatchEvent("changeText", [$event=std::move($event)](jsi::Runtime &runtime) {
C/C++:                                                 ^
C/C++: D:/hobby/wise_wallet/node_modules/react-native-screens/android/build/generated/source/codegen/jni/react/renderer/components/rnscreens/EventEmitters.cpp:291:10: warning: '$' in identifier [-Wdollar-in-identifier-extension]
C/C++:     auto $payload = jsi::Object(runtime);
C/C++:          ^
C/C++: D:/hobby/wise_wallet/node_modules/react-native-screens/android/build/generated/source/codegen/jni/react/renderer/components/rnscreens/EventEmitters.cpp:292:5: warning: '$' in identifier [-Wdollar-in-identifier-extension]
C/C++:     $payload.setProperty(runtime, "text", $event.text);
C/C++:     ^
C/C++: D:/hobby/wise_wallet/node_modules/react-native-screens/android/build/generated/source/codegen/jni/react/renderer/components/rnscreens/EventEmitters.cpp:292:43: warning: '$' in identifier [-Wdollar-in-identifier-extension]
C/C++:     $payload.setProperty(runtime, "text", $event.text);
C/C++:                                           ^
C/C++: D:/hobby/wise_wallet/node_modules/react-native-screens/android/build/generated/source/codegen/jni/react/renderer/components/rnscreens/EventEmitters.cpp:293:12: warning: '$' in identifier [-Wdollar-in-identifier-extension]
C/C++:     return $payload;
C/C++:            ^
C/C++: D:/hobby/wise_wallet/node_modules/react-native-screens/android/build/generated/source/codegen/jni/react/renderer/components/rnscreens/EventEmitters.cpp:298:48: warning: '$' in identifier [-Wdollar-in-identifier-extension]
C/C++: void RNSSearchBarEventEmitter::onClose(OnClose $event) const {
C/C++:                                                ^
C/C++: D:/hobby/wise_wallet/node_modules/react-native-screens/android/build/generated/source/codegen/jni/react/renderer/components/rnscreens/EventEmitters.cpp:300:10: warning: '$' in identifier [-Wdollar-in-identifier-extension]
C/C++:     auto $payload = jsi::Object(runtime);
C/C++:          ^
C/C++: D:/hobby/wise_wallet/node_modules/react-native-screens/android/build/generated/source/codegen/jni/react/renderer/components/rnscreens/EventEmitters.cpp:302:12: warning: '$' in identifier [-Wdollar-in-identifier-extension]
C/C++:     return $payload;
C/C++:            ^
C/C++: D:/hobby/wise_wallet/node_modules/react-native-screens/android/build/generated/source/codegen/jni/react/renderer/components/rnscreens/EventEmitters.cpp:307:46: warning: '$' in identifier [-Wdollar-in-identifier-extension]
C/C++: void RNSSearchBarEventEmitter::onOpen(OnOpen $event) const {
C/C++:                                              ^
C/C++: D:/hobby/wise_wallet/node_modules/react-native-screens/android/build/generated/source/codegen/jni/react/renderer/components/rnscreens/EventEmitters.cpp:309:10: warning: '$' in identifier [-Wdollar-in-identifier-extension]
C/C++:     auto $payload = jsi::Object(runtime);
C/C++:          ^
C/C++: D:/hobby/wise_wallet/node_modules/react-native-screens/android/build/generated/source/codegen/jni/react/renderer/components/rnscreens/EventEmitters.cpp:311:12: warning: '$' in identifier [-Wdollar-in-identifier-extension]
C/C++:     return $payload;
C/C++:            ^
C/C++: 156 warnings generated.

> Task :expo-print:lintVitalAnalyzeRelease
> Task :app:configureCMakeRelWithDebInfo[x86_64]
> Task :expo-secure-store:lintVitalAnalyzeRelease
> Task :expo-notifications:lintVitalAnalyzeRelease

> Task :app:buildCMakeRelWithDebInfo[x86_64]
C/C++: ninja: Entering directory `D:\hobby\wise_wallet\android\app\.cxx\RelWithDebInfo\5d485d71\x86_64'
C/C++: D:/hobby/wise_wallet/node_modules/react-native-safe-area-context/android/build/generated/source/codegen/jni/react/renderer/components/safeareacontext/EventEmitters.cpp:16:69: warning: '$' in identifier [-Wdollar-in-identifier-extension]
C/C++: void RNCSafeAreaProviderEventEmitter::onInsetsChange(OnInsetsChange $event) const {
C/C++:                                                                     ^
C/C++: D:/hobby/wise_wallet/node_modules/react-native-safe-area-context/android/build/generated/source/codegen/jni/react/renderer/components/safeareacontext/EventEmitters.cpp:17:34: warning: '$' in identifier [-Wdollar-in-identifier-extension]
C/C++:   dispatchEvent("insetsChange", [$event=std::move($event)](jsi::Runtime &runtime) {
C/C++:                                  ^
C/C++: D:/hobby/wise_wallet/node_modules/react-native-safe-area-context/android/build/generated/source/codegen/jni/react/renderer/components/safeareacontext/EventEmitters.cpp:17:51: warning: '$' in identifier [-Wdollar-in-identifier-extension]
C/C++:   dispatchEvent("insetsChange", [$event=std::move($event)](jsi::Runtime &runtime) {
C/C++:                                                   ^
C/C++: D:/hobby/wise_wallet/node_modules/react-native-safe-area-context/android/build/generated/source/codegen/jni/react/renderer/components/safeareacontext/EventEmitters.cpp:18:10: warning: '$' in identifier [-Wdollar-in-identifier-extension]
C/C++:     auto $payload = jsi::Object(runtime);
C/C++:          ^
C/C++: D:/hobby/wise_wallet/node_modules/react-native-safe-area-context/android/build/generated/source/codegen/jni/react/renderer/components/safeareacontext/EventEmitters.cpp:21:38: warning: '$' in identifier [-Wdollar-in-identifier-extension]
C/C++:   insets.setProperty(runtime, "top", $event.insets.top);
C/C++:                                      ^
C/C++: D:/hobby/wise_wallet/node_modules/react-native-safe-area-context/android/build/generated/source/codegen/jni/react/renderer/components/safeareacontext/EventEmitters.cpp:22:40: warning: '$' in identifier [-Wdollar-in-identifier-extension]
C/C++:   insets.setProperty(runtime, "right", $event.insets.right);
C/C++:                                        ^
C/C++: D:/hobby/wise_wallet/node_modules/react-native-safe-area-context/android/build/generated/source/codegen/jni/react/renderer/components/safeareacontext/EventEmitters.cpp:23:41: warning: '$' in identifier [-Wdollar-in-identifier-extension]
C/C++:   insets.setProperty(runtime, "bottom", $event.insets.bottom);
C/C++:                                         ^
C/C++: D:/hobby/wise_wallet/node_modules/react-native-safe-area-context/android/build/generated/source/codegen/jni/react/renderer/components/safeareacontext/EventEmitters.cpp:24:39: warning: '$' in identifier [-Wdollar-in-identifier-extension]
C/C++:   insets.setProperty(runtime, "left", $event.insets.left);
C/C++:                                       ^
C/C++: D:/hobby/wise_wallet/node_modules/react-native-safe-area-context/android/build/generated/source/codegen/jni/react/renderer/components/safeareacontext/EventEmitters.cpp:25:3: warning: '$' in identifier [-Wdollar-in-identifier-extension]
C/C++:   $payload.setProperty(runtime, "insets", insets);
C/C++:   ^
C/C++: D:/hobby/wise_wallet/node_modules/react-native-safe-area-context/android/build/generated/source/codegen/jni/react/renderer/components/safeareacontext/EventEmitters.cpp:29:35: warning: '$' in identifier [-Wdollar-in-identifier-extension]
C/C++:   frame.setProperty(runtime, "x", $event.frame.x);
C/C++:                                   ^
C/C++: D:/hobby/wise_wallet/node_modules/react-native-safe-area-context/android/build/generated/source/codegen/jni/react/renderer/components/safeareacontext/EventEmitters.cpp:30:35: warning: '$' in identifier [-Wdollar-in-identifier-extension]
C/C++:   frame.setProperty(runtime, "y", $event.frame.y);
C/C++:                                   ^
C/C++: D:/hobby/wise_wallet/node_modules/react-native-safe-area-context/android/build/generated/source/codegen/jni/react/renderer/components/safeareacontext/EventEmitters.cpp:31:39: warning: '$' in identifier [-Wdollar-in-identifier-extension]
C/C++:   frame.setProperty(runtime, "width", $event.frame.width);
C/C++:                                       ^
C/C++: D:/hobby/wise_wallet/node_modules/react-native-safe-area-context/android/build/generated/source/codegen/jni/react/renderer/components/safeareacontext/EventEmitters.cpp:32:40: warning: '$' in identifier [-Wdollar-in-identifier-extension]
C/C++:   frame.setProperty(runtime, "height", $event.frame.height);
C/C++:                                        ^
C/C++: D:/hobby/wise_wallet/node_modules/react-native-safe-area-context/android/build/generated/source/codegen/jni/react/renderer/components/safeareacontext/EventEmitters.cpp:33:3: warning: '$' in identifier [-Wdollar-in-identifier-extension]
C/C++:   $payload.setProperty(runtime, "frame", frame);
C/C++:   ^
C/C++: D:/hobby/wise_wallet/node_modules/react-native-safe-area-context/android/build/generated/source/codegen/jni/react/renderer/components/safeareacontext/EventEmitters.cpp:35:12: warning: '$' in identifier [-Wdollar-in-identifier-extension]
C/C++:     return $payload;
C/C++:            ^
C/C++: 15 warnings generated.

> Task :expo-modules-core:lintVitalAnalyzeRelease

> Task :app:buildCMakeRelWithDebInfo[x86_64]
C/C++: D:/hobby/wise_wallet/node_modules/react-native-screens/android/build/generated/source/codegen/jni/react/renderer/components/rnscreens/EventEmitters.cpp:17:52: warning: '$' in identifier [-Wdollar-in-identifier-extension]
C/C++: void RNSModalScreenEventEmitter::onAppear(OnAppear $event) const {
C/C++:                                                    ^
C/C++: D:/hobby/wise_wallet/node_modules/react-native-screens/android/build/generated/source/codegen/jni/react/renderer/components/rnscreens/EventEmitters.cpp:19:10: warning: '$' in identifier [-Wdollar-in-identifier-extension]
C/C++:     auto $payload = jsi::Object(runtime);
C/C++:          ^
C/C++: D:/hobby/wise_wallet/node_modules/react-native-screens/android/build/generated/source/codegen/jni/react/renderer/components/rnscreens/EventEmitters.cpp:21:12: warning: '$' in identifier [-Wdollar-in-identifier-extension]
C/C++:     return $payload;
C/C++:            ^
C/C++: D:/hobby/wise_wallet/node_modules/react-native-screens/android/build/generated/source/codegen/jni/react/renderer/components/rnscreens/EventEmitters.cpp:26:58: warning: '$' in identifier [-Wdollar-in-identifier-extension]
C/C++: void RNSModalScreenEventEmitter::onDisappear(OnDisappear $event) const {
C/C++:                                                          ^
C/C++: D:/hobby/wise_wallet/node_modules/react-native-screens/android/build/generated/source/codegen/jni/react/renderer/components/rnscreens/EventEmitters.cpp:28:10: warning: '$' in identifier [-Wdollar-in-identifier-extension]
C/C++:     auto $payload = jsi::Object(runtime);
C/C++:          ^
C/C++: D:/hobby/wise_wallet/node_modules/react-native-screens/android/build/generated/source/codegen/jni/react/renderer/components/rnscreens/EventEmitters.cpp:30:12: warning: '$' in identifier [-Wdollar-in-identifier-extension]
C/C++:     return $payload;
C/C++:            ^
C/C++: D:/hobby/wise_wallet/node_modules/react-native-screens/android/build/generated/source/codegen/jni/react/renderer/components/rnscreens/EventEmitters.cpp:35:58: warning: '$' in identifier [-Wdollar-in-identifier-extension]
C/C++: void RNSModalScreenEventEmitter::onDismissed(OnDismissed $event) const {
C/C++:                                                          ^
C/C++: D:/hobby/wise_wallet/node_modules/react-native-screens/android/build/generated/source/codegen/jni/react/renderer/components/rnscreens/EventEmitters.cpp:36:31: warning: '$' in identifier [-Wdollar-in-identifier-extension]
C/C++:   dispatchEvent("dismissed", [$event=std::move($event)](jsi::Runtime &runtime) {
C/C++:                               ^
C/C++: D:/hobby/wise_wallet/node_modules/react-native-screens/android/build/generated/source/codegen/jni/react/renderer/components/rnscreens/EventEmitters.cpp:36:48: warning: '$' in identifier [-Wdollar-in-identifier-extension]
C/C++:   dispatchEvent("dismissed", [$event=std::move($event)](jsi::Runtime &runtime) {
C/C++:                                                ^
C/C++: D:/hobby/wise_wallet/node_modules/react-native-screens/android/build/generated/source/codegen/jni/react/renderer/components/rnscreens/EventEmitters.cpp:37:10: warning: '$' in identifier [-Wdollar-in-identifier-extension]
C/C++:     auto $payload = jsi::Object(runtime);
C/C++:          ^
C/C++: D:/hobby/wise_wallet/node_modules/react-native-screens/android/build/generated/source/codegen/jni/react/renderer/components/rnscreens/EventEmitters.cpp:38:5: warning: '$' in identifier [-Wdollar-in-identifier-extension]
C/C++:     $payload.setProperty(runtime, "dismissCount", $event.dismissCount);
C/C++:     ^
C/C++: D:/hobby/wise_wallet/node_modules/react-native-screens/android/build/generated/source/codegen/jni/react/renderer/components/rnscreens/EventEmitters.cpp:38:51: warning: '$' in identifier [-Wdollar-in-identifier-extension]
C/C++:     $payload.setProperty(runtime, "dismissCount", $event.dismissCount);
C/C++:                                                   ^
C/C++: D:/hobby/wise_wallet/node_modules/react-native-screens/android/build/generated/source/codegen/jni/react/renderer/components/rnscreens/EventEmitters.cpp:39:12: warning: '$' in identifier [-Wdollar-in-identifier-extension]
C/C++:     return $payload;
C/C++:            ^
C/C++: D:/hobby/wise_wallet/node_modules/react-native-screens/android/build/generated/source/codegen/jni/react/renderer/components/rnscreens/EventEmitters.cpp:44:84: warning: '$' in identifier [-Wdollar-in-identifier-extension]
C/C++: void RNSModalScreenEventEmitter::onNativeDismissCancelled(OnNativeDismissCancelled $event) const {
C/C++:                                                                                    ^
C/C++: D:/hobby/wise_wallet/node_modules/react-native-screens/android/build/generated/source/codegen/jni/react/renderer/components/rnscreens/EventEmitters.cpp:45:44: warning: '$' in identifier [-Wdollar-in-identifier-extension]
C/C++:   dispatchEvent("nativeDismissCancelled", [$event=std::move($event)](jsi::Runtime &runtime) {
C/C++:                                            ^
C/C++: D:/hobby/wise_wallet/node_modules/react-native-screens/android/build/generated/source/codegen/jni/react/renderer/components/rnscreens/EventEmitters.cpp:45:61: warning: '$' in identifier [-Wdollar-in-identifier-extension]
C/C++:   dispatchEvent("nativeDismissCancelled", [$event=std::move($event)](jsi::Runtime &runtime) {
C/C++:                                                             ^
C/C++: D:/hobby/wise_wallet/node_modules/react-native-screens/android/build/generated/source/codegen/jni/react/renderer/components/rnscreens/EventEmitters.cpp:46:10: warning: '$' in identifier [-Wdollar-in-identifier-extension]
C/C++:     auto $payload = jsi::Object(runtime);
C/C++:          ^
C/C++: D:/hobby/wise_wallet/node_modules/react-native-screens/android/build/generated/source/codegen/jni/react/renderer/components/rnscreens/EventEmitters.cpp:47:5: warning: '$' in identifier [-Wdollar-in-identifier-extension]
C/C++:     $payload.setProperty(runtime, "dismissCount", $event.dismissCount);
C/C++:     ^
C/C++: D:/hobby/wise_wallet/node_modules/react-native-screens/android/build/generated/source/codegen/jni/react/renderer/components/rnscreens/EventEmitters.cpp:47:51: warning: '$' in identifier [-Wdollar-in-identifier-extension]
C/C++:     $payload.setProperty(runtime, "dismissCount", $event.dismissCount);
C/C++:                                                   ^
C/C++: D:/hobby/wise_wallet/node_modules/react-native-screens/android/build/generated/source/codegen/jni/react/renderer/components/rnscreens/EventEmitters.cpp:48:12: warning: '$' in identifier [-Wdollar-in-identifier-extension]
C/C++:     return $payload;
C/C++:            ^
C/C++: D:/hobby/wise_wallet/node_modules/react-native-screens/android/build/generated/source/codegen/jni/react/renderer/components/rnscreens/EventEmitters.cpp:53:60: warning: '$' in identifier [-Wdollar-in-identifier-extension]
C/C++: void RNSModalScreenEventEmitter::onWillAppear(OnWillAppear $event) const {
C/C++:                                                            ^
C/C++: D:/hobby/wise_wallet/node_modules/react-native-screens/android/build/generated/source/codegen/jni/react/renderer/components/rnscreens/EventEmitters.cpp:55:10: warning: '$' in identifier [-Wdollar-in-identifier-extension]
C/C++:     auto $payload = jsi::Object(runtime);
C/C++:          ^
C/C++: D:/hobby/wise_wallet/node_modules/react-native-screens/android/build/generated/source/codegen/jni/react/renderer/components/rnscreens/EventEmitters.cpp:57:12: warning: '$' in identifier [-Wdollar-in-identifier-extension]
C/C++:     return $payload;
C/C++:            ^
C/C++: D:/hobby/wise_wallet/node_modules/react-native-screens/android/build/generated/source/codegen/jni/react/renderer/components/rnscreens/EventEmitters.cpp:62:66: warning: '$' in identifier [-Wdollar-in-identifier-extension]
C/C++: void RNSModalScreenEventEmitter::onWillDisappear(OnWillDisappear $event) const {
C/C++:                                                                  ^
C/C++: D:/hobby/wise_wallet/node_modules/react-native-screens/android/build/generated/source/codegen/jni/react/renderer/components/rnscreens/EventEmitters.cpp:64:10: warning: '$' in identifier [-Wdollar-in-identifier-extension]
C/C++:     auto $payload = jsi::Object(runtime);
C/C++:          ^
C/C++: D:/hobby/wise_wallet/node_modules/react-native-screens/android/build/generated/source/codegen/jni/react/renderer/components/rnscreens/EventEmitters.cpp:66:12: warning: '$' in identifier [-Wdollar-in-identifier-extension]
C/C++:     return $payload;
C/C++:            ^
C/C++: D:/hobby/wise_wallet/node_modules/react-native-screens/android/build/generated/source/codegen/jni/react/renderer/components/rnscreens/EventEmitters.cpp:71:76: warning: '$' in identifier [-Wdollar-in-identifier-extension]
C/C++: void RNSModalScreenEventEmitter::onHeaderHeightChange(OnHeaderHeightChange $event) const {
C/C++:                                                                            ^
C/C++: D:/hobby/wise_wallet/node_modules/react-native-screens/android/build/generated/source/codegen/jni/react/renderer/components/rnscreens/EventEmitters.cpp:72:40: warning: '$' in identifier [-Wdollar-in-identifier-extension]
C/C++:   dispatchEvent("headerHeightChange", [$event=std::move($event)](jsi::Runtime &runtime) {
C/C++:                                        ^
C/C++: D:/hobby/wise_wallet/node_modules/react-native-screens/android/build/generated/source/codegen/jni/react/renderer/components/rnscreens/EventEmitters.cpp:72:57: warning: '$' in identifier [-Wdollar-in-identifier-extension]
C/C++:   dispatchEvent("headerHeightChange", [$event=std::move($event)](jsi::Runtime &runtime) {
C/C++:                                                         ^
C/C++: D:/hobby/wise_wallet/node_modules/react-native-screens/android/build/generated/source/codegen/jni/react/renderer/components/rnscreens/EventEmitters.cpp:73:10: warning: '$' in identifier [-Wdollar-in-identifier-extension]
C/C++:     auto $payload = jsi::Object(runtime);
C/C++:          ^
C/C++: D:/hobby/wise_wallet/node_modules/react-native-screens/android/build/generated/source/codegen/jni/react/renderer/components/rnscreens/EventEmitters.cpp:74:5: warning: '$' in identifier [-Wdollar-in-identifier-extension]
C/C++:     $payload.setProperty(runtime, "headerHeight", $event.headerHeight);
C/C++:     ^
C/C++: D:/hobby/wise_wallet/node_modules/react-native-screens/android/build/generated/source/codegen/jni/react/renderer/components/rnscreens/EventEmitters.cpp:74:51: warning: '$' in identifier [-Wdollar-in-identifier-extension]
C/C++:     $payload.setProperty(runtime, "headerHeight", $event.headerHeight);
C/C++:                                                   ^
C/C++: D:/hobby/wise_wallet/node_modules/react-native-screens/android/build/generated/source/codegen/jni/react/renderer/components/rnscreens/EventEmitters.cpp:75:12: warning: '$' in identifier [-Wdollar-in-identifier-extension]
C/C++:     return $payload;
C/C++:            ^
C/C++: D:/hobby/wise_wallet/node_modules/react-native-screens/android/build/generated/source/codegen/jni/react/renderer/components/rnscreens/EventEmitters.cpp:80:76: warning: '$' in identifier [-Wdollar-in-identifier-extension]
C/C++: void RNSModalScreenEventEmitter::onTransitionProgress(OnTransitionProgress $event) const {
C/C++:                                                                            ^
C/C++: D:/hobby/wise_wallet/node_modules/react-native-screens/android/build/generated/source/codegen/jni/react/renderer/components/rnscreens/EventEmitters.cpp:81:40: warning: '$' in identifier [-Wdollar-in-identifier-extension]
C/C++:   dispatchEvent("transitionProgress", [$event=std::move($event)](jsi::Runtime &runtime) {
C/C++:                                        ^
C/C++: D:/hobby/wise_wallet/node_modules/react-native-screens/android/build/generated/source/codegen/jni/react/renderer/components/rnscreens/EventEmitters.cpp:81:57: warning: '$' in identifier [-Wdollar-in-identifier-extension]
C/C++:   dispatchEvent("transitionProgress", [$event=std::move($event)](jsi::Runtime &runtime) {
C/C++:                                                         ^
C/C++: D:/hobby/wise_wallet/node_modules/react-native-screens/android/build/generated/source/codegen/jni/react/renderer/components/rnscreens/EventEmitters.cpp:82:10: warning: '$' in identifier [-Wdollar-in-identifier-extension]
C/C++:     auto $payload = jsi::Object(runtime);
C/C++:          ^
C/C++: D:/hobby/wise_wallet/node_modules/react-native-screens/android/build/generated/source/codegen/jni/react/renderer/components/rnscreens/EventEmitters.cpp:83:5: warning: '$' in identifier [-Wdollar-in-identifier-extension]
C/C++:     $payload.setProperty(runtime, "progress", $event.progress);
C/C++:     ^
C/C++: D:/hobby/wise_wallet/node_modules/react-native-screens/android/build/generated/source/codegen/jni/react/renderer/components/rnscreens/EventEmitters.cpp:83:47: warning: '$' in identifier [-Wdollar-in-identifier-extension]
C/C++:     $payload.setProperty(runtime, "progress", $event.progress);
C/C++:                                               ^
C/C++: D:/hobby/wise_wallet/node_modules/react-native-screens/android/build/generated/source/codegen/jni/react/renderer/components/rnscreens/EventEmitters.cpp:84:1: warning: '$' in identifier [-Wdollar-in-identifier-extension]
C/C++: $payload.setProperty(runtime, "closing", $event.closing);
C/C++: ^
C/C++: D:/hobby/wise_wallet/node_modules/react-native-screens/android/build/generated/source/codegen/jni/react/renderer/components/rnscreens/EventEmitters.cpp:84:42: warning: '$' in identifier [-Wdollar-in-identifier-extension]
C/C++: $payload.setProperty(runtime, "closing", $event.closing);
C/C++:                                          ^
C/C++: D:/hobby/wise_wallet/node_modules/react-native-screens/android/build/generated/source/codegen/jni/react/renderer/components/rnscreens/EventEmitters.cpp:85:1: warning: '$' in identifier [-Wdollar-in-identifier-extension]
C/C++: $payload.setProperty(runtime, "goingForward", $event.goingForward);
C/C++: ^
C/C++: D:/hobby/wise_wallet/node_modules/react-native-screens/android/build/generated/source/codegen/jni/react/renderer/components/rnscreens/EventEmitters.cpp:85:47: warning: '$' in identifier [-Wdollar-in-identifier-extension]
C/C++: $payload.setProperty(runtime, "goingForward", $event.goingForward);
C/C++:                                               ^
C/C++: D:/hobby/wise_wallet/node_modules/react-native-screens/android/build/generated/source/codegen/jni/react/renderer/components/rnscreens/EventEmitters.cpp:86:12: warning: '$' in identifier [-Wdollar-in-identifier-extension]
C/C++:     return $payload;
C/C++:            ^
C/C++: D:/hobby/wise_wallet/node_modules/react-native-screens/android/build/generated/source/codegen/jni/react/renderer/components/rnscreens/EventEmitters.cpp:91:66: warning: '$' in identifier [-Wdollar-in-identifier-extension]
C/C++: void RNSModalScreenEventEmitter::onGestureCancel(OnGestureCancel $event) const {
C/C++:                                                                  ^
C/C++: D:/hobby/wise_wallet/node_modules/react-native-screens/android/build/generated/source/codegen/jni/react/renderer/components/rnscreens/EventEmitters.cpp:93:10: warning: '$' in identifier [-Wdollar-in-identifier-extension]
C/C++:     auto $payload = jsi::Object(runtime);
C/C++:          ^
C/C++: D:/hobby/wise_wallet/node_modules/react-native-screens/android/build/generated/source/codegen/jni/react/renderer/components/rnscreens/EventEmitters.cpp:95:12: warning: '$' in identifier [-Wdollar-in-identifier-extension]
C/C++:     return $payload;
C/C++:            ^
C/C++: D:/hobby/wise_wallet/node_modules/react-native-screens/android/build/generated/source/codegen/jni/react/renderer/components/rnscreens/EventEmitters.cpp:100:86: warning: '$' in identifier [-Wdollar-in-identifier-extension]
C/C++: void RNSModalScreenEventEmitter::onHeaderBackButtonClicked(OnHeaderBackButtonClicked $event) const {
C/C++:                                                                                      ^
C/C++: D:/hobby/wise_wallet/node_modules/react-native-screens/android/build/generated/source/codegen/jni/react/renderer/components/rnscreens/EventEmitters.cpp:102:10: warning: '$' in identifier [-Wdollar-in-identifier-extension]
C/C++:     auto $payload = jsi::Object(runtime);
C/C++:          ^
C/C++: D:/hobby/wise_wallet/node_modules/react-native-screens/android/build/generated/source/codegen/jni/react/renderer/components/rnscreens/EventEmitters.cpp:104:12: warning: '$' in identifier [-Wdollar-in-identifier-extension]
C/C++:     return $payload;
C/C++:            ^
C/C++: D:/hobby/wise_wallet/node_modules/react-native-screens/android/build/generated/source/codegen/jni/react/renderer/components/rnscreens/EventEmitters.cpp:109:76: warning: '$' in identifier [-Wdollar-in-identifier-extension]
C/C++: void RNSModalScreenEventEmitter::onSheetDetentChanged(OnSheetDetentChanged $event) const {
C/C++:                                                                            ^
C/C++: D:/hobby/wise_wallet/node_modules/react-native-screens/android/build/generated/source/codegen/jni/react/renderer/components/rnscreens/EventEmitters.cpp:110:40: warning: '$' in identifier [-Wdollar-in-identifier-extension]
C/C++:   dispatchEvent("sheetDetentChanged", [$event=std::move($event)](jsi::Runtime &runtime) {
C/C++:                                        ^
C/C++: D:/hobby/wise_wallet/node_modules/react-native-screens/android/build/generated/source/codegen/jni/react/renderer/components/rnscreens/EventEmitters.cpp:110:57: warning: '$' in identifier [-Wdollar-in-identifier-extension]
C/C++:   dispatchEvent("sheetDetentChanged", [$event=std::move($event)](jsi::Runtime &runtime) {
C/C++:                                                         ^
C/C++: D:/hobby/wise_wallet/node_modules/react-native-screens/android/build/generated/source/codegen/jni/react/renderer/components/rnscreens/EventEmitters.cpp:111:10: warning: '$' in identifier [-Wdollar-in-identifier-extension]
C/C++:     auto $payload = jsi::Object(runtime);
C/C++:          ^
C/C++: D:/hobby/wise_wallet/node_modules/react-native-screens/android/build/generated/source/codegen/jni/react/renderer/components/rnscreens/EventEmitters.cpp:112:5: warning: '$' in identifier [-Wdollar-in-identifier-extension]
C/C++:     $payload.setProperty(runtime, "index", $event.index);
C/C++:     ^
C/C++: D:/hobby/wise_wallet/node_modules/react-native-screens/android/build/generated/source/codegen/jni/react/renderer/components/rnscreens/EventEmitters.cpp:112:44: warning: '$' in identifier [-Wdollar-in-identifier-extension]
C/C++:     $payload.setProperty(runtime, "index", $event.index);
C/C++:                                            ^
C/C++: D:/hobby/wise_wallet/node_modules/react-native-screens/android/build/generated/source/codegen/jni/react/renderer/components/rnscreens/EventEmitters.cpp:113:1: warning: '$' in identifier [-Wdollar-in-identifier-extension]
C/C++: $payload.setProperty(runtime, "isStable", $event.isStable);
C/C++: ^
C/C++: D:/hobby/wise_wallet/node_modules/react-native-screens/android/build/generated/source/codegen/jni/react/renderer/components/rnscreens/EventEmitters.cpp:113:43: warning: '$' in identifier [-Wdollar-in-identifier-extension]
C/C++: $payload.setProperty(runtime, "isStable", $event.isStable);
C/C++:                                           ^
C/C++: D:/hobby/wise_wallet/node_modules/react-native-screens/android/build/generated/source/codegen/jni/react/renderer/components/rnscreens/EventEmitters.cpp:114:12: warning: '$' in identifier [-Wdollar-in-identifier-extension]
C/C++:     return $payload;
C/C++:            ^
C/C++: D:/hobby/wise_wallet/node_modules/react-native-screens/android/build/generated/source/codegen/jni/react/renderer/components/rnscreens/EventEmitters.cpp:122:47: warning: '$' in identifier [-Wdollar-in-identifier-extension]
C/C++: void RNSScreenEventEmitter::onAppear(OnAppear $event) const {
C/C++:                                               ^
C/C++: D:/hobby/wise_wallet/node_modules/react-native-screens/android/build/generated/source/codegen/jni/react/renderer/components/rnscreens/EventEmitters.cpp:124:10: warning: '$' in identifier [-Wdollar-in-identifier-extension]
C/C++:     auto $payload = jsi::Object(runtime);
C/C++:          ^
C/C++: D:/hobby/wise_wallet/node_modules/react-native-screens/android/build/generated/source/codegen/jni/react/renderer/components/rnscreens/EventEmitters.cpp:126:12: warning: '$' in identifier [-Wdollar-in-identifier-extension]
C/C++:     return $payload;
C/C++:            ^
C/C++: D:/hobby/wise_wallet/node_modules/react-native-screens/android/build/generated/source/codegen/jni/react/renderer/components/rnscreens/EventEmitters.cpp:131:53: warning: '$' in identifier [-Wdollar-in-identifier-extension]
C/C++: void RNSScreenEventEmitter::onDisappear(OnDisappear $event) const {
C/C++:                                                     ^
C/C++: D:/hobby/wise_wallet/node_modules/react-native-screens/android/build/generated/source/codegen/jni/react/renderer/components/rnscreens/EventEmitters.cpp:133:10: warning: '$' in identifier [-Wdollar-in-identifier-extension]
C/C++:     auto $payload = jsi::Object(runtime);
C/C++:          ^
C/C++: D:/hobby/wise_wallet/node_modules/react-native-screens/android/build/generated/source/codegen/jni/react/renderer/components/rnscreens/EventEmitters.cpp:135:12: warning: '$' in identifier [-Wdollar-in-identifier-extension]
C/C++:     return $payload;
C/C++:            ^
C/C++: D:/hobby/wise_wallet/node_modules/react-native-screens/android/build/generated/source/codegen/jni/react/renderer/components/rnscreens/EventEmitters.cpp:140:53: warning: '$' in identifier [-Wdollar-in-identifier-extension]
C/C++: void RNSScreenEventEmitter::onDismissed(OnDismissed $event) const {
C/C++:                                                     ^
C/C++: D:/hobby/wise_wallet/node_modules/react-native-screens/android/build/generated/source/codegen/jni/react/renderer/components/rnscreens/EventEmitters.cpp:141:31: warning: '$' in identifier [-Wdollar-in-identifier-extension]
C/C++:   dispatchEvent("dismissed", [$event=std::move($event)](jsi::Runtime &runtime) {
C/C++:                               ^
C/C++: D:/hobby/wise_wallet/node_modules/react-native-screens/android/build/generated/source/codegen/jni/react/renderer/components/rnscreens/EventEmitters.cpp:141:48: warning: '$' in identifier [-Wdollar-in-identifier-extension]
C/C++:   dispatchEvent("dismissed", [$event=std::move($event)](jsi::Runtime &runtime) {
C/C++:                                                ^
C/C++: D:/hobby/wise_wallet/node_modules/react-native-screens/android/build/generated/source/codegen/jni/react/renderer/components/rnscreens/EventEmitters.cpp:142:10: warning: '$' in identifier [-Wdollar-in-identifier-extension]
C/C++:     auto $payload = jsi::Object(runtime);
C/C++:          ^
C/C++: D:/hobby/wise_wallet/node_modules/react-native-screens/android/build/generated/source/codegen/jni/react/renderer/components/rnscreens/EventEmitters.cpp:143:5: warning: '$' in identifier [-Wdollar-in-identifier-extension]
C/C++:     $payload.setProperty(runtime, "dismissCount", $event.dismissCount);
C/C++:     ^
C/C++: D:/hobby/wise_wallet/node_modules/react-native-screens/android/build/generated/source/codegen/jni/react/renderer/components/rnscreens/EventEmitters.cpp:143:51: warning: '$' in identifier [-Wdollar-in-identifier-extension]
C/C++:     $payload.setProperty(runtime, "dismissCount", $event.dismissCount);
C/C++:                                                   ^
C/C++: D:/hobby/wise_wallet/node_modules/react-native-screens/android/build/generated/source/codegen/jni/react/renderer/components/rnscreens/EventEmitters.cpp:144:12: warning: '$' in identifier [-Wdollar-in-identifier-extension]
C/C++:     return $payload;
C/C++:            ^
C/C++: D:/hobby/wise_wallet/node_modules/react-native-screens/android/build/generated/source/codegen/jni/react/renderer/components/rnscreens/EventEmitters.cpp:149:79: warning: '$' in identifier [-Wdollar-in-identifier-extension]
C/C++: void RNSScreenEventEmitter::onNativeDismissCancelled(OnNativeDismissCancelled $event) const {
C/C++:                                                                               ^
C/C++: D:/hobby/wise_wallet/node_modules/react-native-screens/android/build/generated/source/codegen/jni/react/renderer/components/rnscreens/EventEmitters.cpp:150:44: warning: '$' in identifier [-Wdollar-in-identifier-extension]
C/C++:   dispatchEvent("nativeDismissCancelled", [$event=std::move($event)](jsi::Runtime &runtime) {
C/C++:                                            ^
C/C++: D:/hobby/wise_wallet/node_modules/react-native-screens/android/build/generated/source/codegen/jni/react/renderer/components/rnscreens/EventEmitters.cpp:150:61: warning: '$' in identifier [-Wdollar-in-identifier-extension]
C/C++:   dispatchEvent("nativeDismissCancelled", [$event=std::move($event)](jsi::Runtime &runtime) {
C/C++:                                                             ^
C/C++: D:/hobby/wise_wallet/node_modules/react-native-screens/android/build/generated/source/codegen/jni/react/renderer/components/rnscreens/EventEmitters.cpp:151:10: warning: '$' in identifier [-Wdollar-in-identifier-extension]
C/C++:     auto $payload = jsi::Object(runtime);
C/C++:          ^
C/C++: D:/hobby/wise_wallet/node_modules/react-native-screens/android/build/generated/source/codegen/jni/react/renderer/components/rnscreens/EventEmitters.cpp:152:5: warning: '$' in identifier [-Wdollar-in-identifier-extension]
C/C++:     $payload.setProperty(runtime, "dismissCount", $event.dismissCount);
C/C++:     ^
C/C++: D:/hobby/wise_wallet/node_modules/react-native-screens/android/build/generated/source/codegen/jni/react/renderer/components/rnscreens/EventEmitters.cpp:152:51: warning: '$' in identifier [-Wdollar-in-identifier-extension]
C/C++:     $payload.setProperty(runtime, "dismissCount", $event.dismissCount);
C/C++:                                                   ^
C/C++: D:/hobby/wise_wallet/node_modules/react-native-screens/android/build/generated/source/codegen/jni/react/renderer/components/rnscreens/EventEmitters.cpp:153:12: warning: '$' in identifier [-Wdollar-in-identifier-extension]
C/C++:     return $payload;
C/C++:            ^
C/C++: D:/hobby/wise_wallet/node_modules/react-native-screens/android/build/generated/source/codegen/jni/react/renderer/components/rnscreens/EventEmitters.cpp:158:55: warning: '$' in identifier [-Wdollar-in-identifier-extension]
C/C++: void RNSScreenEventEmitter::onWillAppear(OnWillAppear $event) const {
C/C++:                                                       ^
C/C++: D:/hobby/wise_wallet/node_modules/react-native-screens/android/build/generated/source/codegen/jni/react/renderer/components/rnscreens/EventEmitters.cpp:160:10: warning: '$' in identifier [-Wdollar-in-identifier-extension]
C/C++:     auto $payload = jsi::Object(runtime);
C/C++:          ^
C/C++: D:/hobby/wise_wallet/node_modules/react-native-screens/android/build/generated/source/codegen/jni/react/renderer/components/rnscreens/EventEmitters.cpp:162:12: warning: '$' in identifier [-Wdollar-in-identifier-extension]
C/C++:     return $payload;
C/C++:            ^
C/C++: D:/hobby/wise_wallet/node_modules/react-native-screens/android/build/generated/source/codegen/jni/react/renderer/components/rnscreens/EventEmitters.cpp:167:61: warning: '$' in identifier [-Wdollar-in-identifier-extension]
C/C++: void RNSScreenEventEmitter::onWillDisappear(OnWillDisappear $event) const {
C/C++:                                                             ^
C/C++: D:/hobby/wise_wallet/node_modules/react-native-screens/android/build/generated/source/codegen/jni/react/renderer/components/rnscreens/EventEmitters.cpp:169:10: warning: '$' in identifier [-Wdollar-in-identifier-extension]
C/C++:     auto $payload = jsi::Object(runtime);
C/C++:          ^
C/C++: D:/hobby/wise_wallet/node_modules/react-native-screens/android/build/generated/source/codegen/jni/react/renderer/components/rnscreens/EventEmitters.cpp:171:12: warning: '$' in identifier [-Wdollar-in-identifier-extension]
C/C++:     return $payload;
C/C++:            ^
C/C++: D:/hobby/wise_wallet/node_modules/react-native-screens/android/build/generated/source/codegen/jni/react/renderer/components/rnscreens/EventEmitters.cpp:176:71: warning: '$' in identifier [-Wdollar-in-identifier-extension]
C/C++: void RNSScreenEventEmitter::onHeaderHeightChange(OnHeaderHeightChange $event) const {
C/C++:                                                                       ^
C/C++: D:/hobby/wise_wallet/node_modules/react-native-screens/android/build/generated/source/codegen/jni/react/renderer/components/rnscreens/EventEmitters.cpp:177:40: warning: '$' in identifier [-Wdollar-in-identifier-extension]
C/C++:   dispatchEvent("headerHeightChange", [$event=std::move($event)](jsi::Runtime &runtime) {
C/C++:                                        ^
C/C++: D:/hobby/wise_wallet/node_modules/react-native-screens/android/build/generated/source/codegen/jni/react/renderer/components/rnscreens/EventEmitters.cpp:177:57: warning: '$' in identifier [-Wdollar-in-identifier-extension]
C/C++:   dispatchEvent("headerHeightChange", [$event=std::move($event)](jsi::Runtime &runtime) {
C/C++:                                                         ^
C/C++: D:/hobby/wise_wallet/node_modules/react-native-screens/android/build/generated/source/codegen/jni/react/renderer/components/rnscreens/EventEmitters.cpp:178:10: warning: '$' in identifier [-Wdollar-in-identifier-extension]
C/C++:     auto $payload = jsi::Object(runtime);
C/C++:          ^
C/C++: D:/hobby/wise_wallet/node_modules/react-native-screens/android/build/generated/source/codegen/jni/react/renderer/components/rnscreens/EventEmitters.cpp:179:5: warning: '$' in identifier [-Wdollar-in-identifier-extension]
C/C++:     $payload.setProperty(runtime, "headerHeight", $event.headerHeight);
C/C++:     ^
C/C++: D:/hobby/wise_wallet/node_modules/react-native-screens/android/build/generated/source/codegen/jni/react/renderer/components/rnscreens/EventEmitters.cpp:179:51: warning: '$' in identifier [-Wdollar-in-identifier-extension]
C/C++:     $payload.setProperty(runtime, "headerHeight", $event.headerHeight);
C/C++:                                                   ^
C/C++: D:/hobby/wise_wallet/node_modules/react-native-screens/android/build/generated/source/codegen/jni/react/renderer/components/rnscreens/EventEmitters.cpp:180:12: warning: '$' in identifier [-Wdollar-in-identifier-extension]
C/C++:     return $payload;
C/C++:            ^
C/C++: D:/hobby/wise_wallet/node_modules/react-native-screens/android/build/generated/source/codegen/jni/react/renderer/components/rnscreens/EventEmitters.cpp:185:71: warning: '$' in identifier [-Wdollar-in-identifier-extension]
C/C++: void RNSScreenEventEmitter::onTransitionProgress(OnTransitionProgress $event) const {
C/C++:                                                                       ^
C/C++: D:/hobby/wise_wallet/node_modules/react-native-screens/android/build/generated/source/codegen/jni/react/renderer/components/rnscreens/EventEmitters.cpp:186:40: warning: '$' in identifier [-Wdollar-in-identifier-extension]
C/C++:   dispatchEvent("transitionProgress", [$event=std::move($event)](jsi::Runtime &runtime) {
C/C++:                                        ^
C/C++: D:/hobby/wise_wallet/node_modules/react-native-screens/android/build/generated/source/codegen/jni/react/renderer/components/rnscreens/EventEmitters.cpp:186:57: warning: '$' in identifier [-Wdollar-in-identifier-extension]
C/C++:   dispatchEvent("transitionProgress", [$event=std::move($event)](jsi::Runtime &runtime) {
C/C++:                                                         ^
C/C++: D:/hobby/wise_wallet/node_modules/react-native-screens/android/build/generated/source/codegen/jni/react/renderer/components/rnscreens/EventEmitters.cpp:187:10: warning: '$' in identifier [-Wdollar-in-identifier-extension]
C/C++:     auto $payload = jsi::Object(runtime);
C/C++:          ^
C/C++: D:/hobby/wise_wallet/node_modules/react-native-screens/android/build/generated/source/codegen/jni/react/renderer/components/rnscreens/EventEmitters.cpp:188:5: warning: '$' in identifier [-Wdollar-in-identifier-extension]
C/C++:     $payload.setProperty(runtime, "progress", $event.progress);
C/C++:     ^
C/C++: D:/hobby/wise_wallet/node_modules/react-native-screens/android/build/generated/source/codegen/jni/react/renderer/components/rnscreens/EventEmitters.cpp:188:47: warning: '$' in identifier [-Wdollar-in-identifier-extension]
C/C++:     $payload.setProperty(runtime, "progress", $event.progress);
C/C++:                                               ^
C/C++: D:/hobby/wise_wallet/node_modules/react-native-screens/android/build/generated/source/codegen/jni/react/renderer/components/rnscreens/EventEmitters.cpp:189:1: warning: '$' in identifier [-Wdollar-in-identifier-extension]
C/C++: $payload.setProperty(runtime, "closing", $event.closing);
C/C++: ^
C/C++: D:/hobby/wise_wallet/node_modules/react-native-screens/android/build/generated/source/codegen/jni/react/renderer/components/rnscreens/EventEmitters.cpp:189:42: warning: '$' in identifier [-Wdollar-in-identifier-extension]
C/C++: $payload.setProperty(runtime, "closing", $event.closing);
C/C++:                                          ^
C/C++: D:/hobby/wise_wallet/node_modules/react-native-screens/android/build/generated/source/codegen/jni/react/renderer/components/rnscreens/EventEmitters.cpp:190:1: warning: '$' in identifier [-Wdollar-in-identifier-extension]
C/C++: $payload.setProperty(runtime, "goingForward", $event.goingForward);
C/C++: ^
C/C++: D:/hobby/wise_wallet/node_modules/react-native-screens/android/build/generated/source/codegen/jni/react/renderer/components/rnscreens/EventEmitters.cpp:190:47: warning: '$' in identifier [-Wdollar-in-identifier-extension]
C/C++: $payload.setProperty(runtime, "goingForward", $event.goingForward);
C/C++:                                               ^
C/C++: D:/hobby/wise_wallet/node_modules/react-native-screens/android/build/generated/source/codegen/jni/react/renderer/components/rnscreens/EventEmitters.cpp:191:12: warning: '$' in identifier [-Wdollar-in-identifier-extension]
C/C++:     return $payload;
C/C++:            ^
C/C++: D:/hobby/wise_wallet/node_modules/react-native-screens/android/build/generated/source/codegen/jni/react/renderer/components/rnscreens/EventEmitters.cpp:196:61: warning: '$' in identifier [-Wdollar-in-identifier-extension]
C/C++: void RNSScreenEventEmitter::onGestureCancel(OnGestureCancel $event) const {
C/C++:                                                             ^
C/C++: D:/hobby/wise_wallet/node_modules/react-native-screens/android/build/generated/source/codegen/jni/react/renderer/components/rnscreens/EventEmitters.cpp:198:10: warning: '$' in identifier [-Wdollar-in-identifier-extension]
C/C++:     auto $payload = jsi::Object(runtime);
C/C++:          ^
C/C++: D:/hobby/wise_wallet/node_modules/react-native-screens/android/build/generated/source/codegen/jni/react/renderer/components/rnscreens/EventEmitters.cpp:200:12: warning: '$' in identifier [-Wdollar-in-identifier-extension]
C/C++:     return $payload;
C/C++:            ^
C/C++: D:/hobby/wise_wallet/node_modules/react-native-screens/android/build/generated/source/codegen/jni/react/renderer/components/rnscreens/EventEmitters.cpp:205:81: warning: '$' in identifier [-Wdollar-in-identifier-extension]
C/C++: void RNSScreenEventEmitter::onHeaderBackButtonClicked(OnHeaderBackButtonClicked $event) const {
C/C++:                                                                                 ^
C/C++: D:/hobby/wise_wallet/node_modules/react-native-screens/android/build/generated/source/codegen/jni/react/renderer/components/rnscreens/EventEmitters.cpp:207:10: warning: '$' in identifier [-Wdollar-in-identifier-extension]
C/C++:     auto $payload = jsi::Object(runtime);
C/C++:          ^
C/C++: D:/hobby/wise_wallet/node_modules/react-native-screens/android/build/generated/source/codegen/jni/react/renderer/components/rnscreens/EventEmitters.cpp:209:12: warning: '$' in identifier [-Wdollar-in-identifier-extension]
C/C++:     return $payload;
C/C++:            ^
C/C++: D:/hobby/wise_wallet/node_modules/react-native-screens/android/build/generated/source/codegen/jni/react/renderer/components/rnscreens/EventEmitters.cpp:214:71: warning: '$' in identifier [-Wdollar-in-identifier-extension]
C/C++: void RNSScreenEventEmitter::onSheetDetentChanged(OnSheetDetentChanged $event) const {
C/C++:                                                                       ^
C/C++: D:/hobby/wise_wallet/node_modules/react-native-screens/android/build/generated/source/codegen/jni/react/renderer/components/rnscreens/EventEmitters.cpp:215:40: warning: '$' in identifier [-Wdollar-in-identifier-extension]
C/C++:   dispatchEvent("sheetDetentChanged", [$event=std::move($event)](jsi::Runtime &runtime) {
C/C++:                                        ^
C/C++: D:/hobby/wise_wallet/node_modules/react-native-screens/android/build/generated/source/codegen/jni/react/renderer/components/rnscreens/EventEmitters.cpp:215:57: warning: '$' in identifier [-Wdollar-in-identifier-extension]
C/C++:   dispatchEvent("sheetDetentChanged", [$event=std::move($event)](jsi::Runtime &runtime) {
C/C++:                                                         ^
C/C++: D:/hobby/wise_wallet/node_modules/react-native-screens/android/build/generated/source/codegen/jni/react/renderer/components/rnscreens/EventEmitters.cpp:216:10: warning: '$' in identifier [-Wdollar-in-identifier-extension]
C/C++:     auto $payload = jsi::Object(runtime);
C/C++:          ^
C/C++: D:/hobby/wise_wallet/node_modules/react-native-screens/android/build/generated/source/codegen/jni/react/renderer/components/rnscreens/EventEmitters.cpp:217:5: warning: '$' in identifier [-Wdollar-in-identifier-extension]
C/C++:     $payload.setProperty(runtime, "index", $event.index);
C/C++:     ^
C/C++: D:/hobby/wise_wallet/node_modules/react-native-screens/android/build/generated/source/codegen/jni/react/renderer/components/rnscreens/EventEmitters.cpp:217:44: warning: '$' in identifier [-Wdollar-in-identifier-extension]
C/C++:     $payload.setProperty(runtime, "index", $event.index);
C/C++:                                            ^
C/C++: D:/hobby/wise_wallet/node_modules/react-native-screens/android/build/generated/source/codegen/jni/react/renderer/components/rnscreens/EventEmitters.cpp:218:1: warning: '$' in identifier [-Wdollar-in-identifier-extension]
C/C++: $payload.setProperty(runtime, "isStable", $event.isStable);
C/C++: ^
C/C++: D:/hobby/wise_wallet/node_modules/react-native-screens/android/build/generated/source/codegen/jni/react/renderer/components/rnscreens/EventEmitters.cpp:218:43: warning: '$' in identifier [-Wdollar-in-identifier-extension]
C/C++: $payload.setProperty(runtime, "isStable", $event.isStable);
C/C++:                                           ^
C/C++: D:/hobby/wise_wallet/node_modules/react-native-screens/android/build/generated/source/codegen/jni/react/renderer/components/rnscreens/EventEmitters.cpp:219:12: warning: '$' in identifier [-Wdollar-in-identifier-extension]
C/C++:     return $payload;
C/C++:            ^
C/C++: D:/hobby/wise_wallet/node_modules/react-native-screens/android/build/generated/source/codegen/jni/react/renderer/components/rnscreens/EventEmitters.cpp:225:68: warning: '$' in identifier [-Wdollar-in-identifier-extension]
C/C++: void RNSScreenStackHeaderConfigEventEmitter::onAttached(OnAttached $event) const {
C/C++:                                                                    ^
C/C++: D:/hobby/wise_wallet/node_modules/react-native-screens/android/build/generated/source/codegen/jni/react/renderer/components/rnscreens/EventEmitters.cpp:227:10: warning: '$' in identifier [-Wdollar-in-identifier-extension]
C/C++:     auto $payload = jsi::Object(runtime);
C/C++:          ^
C/C++: D:/hobby/wise_wallet/node_modules/react-native-screens/android/build/generated/source/codegen/jni/react/renderer/components/rnscreens/EventEmitters.cpp:229:12: warning: '$' in identifier [-Wdollar-in-identifier-extension]
C/C++:     return $payload;
C/C++:            ^
C/C++: D:/hobby/wise_wallet/node_modules/react-native-screens/android/build/generated/source/codegen/jni/react/renderer/components/rnscreens/EventEmitters.cpp:234:68: warning: '$' in identifier [-Wdollar-in-identifier-extension]
C/C++: void RNSScreenStackHeaderConfigEventEmitter::onDetached(OnDetached $event) const {
C/C++:                                                                    ^
C/C++: D:/hobby/wise_wallet/node_modules/react-native-screens/android/build/generated/source/codegen/jni/react/renderer/components/rnscreens/EventEmitters.cpp:236:10: warning: '$' in identifier [-Wdollar-in-identifier-extension]
C/C++:     auto $payload = jsi::Object(runtime);
C/C++:          ^
C/C++: D:/hobby/wise_wallet/node_modules/react-native-screens/android/build/generated/source/codegen/jni/react/renderer/components/rnscreens/EventEmitters.cpp:238:12: warning: '$' in identifier [-Wdollar-in-identifier-extension]
C/C++:     return $payload;
C/C++:            ^
C/C++: D:/hobby/wise_wallet/node_modules/react-native-screens/android/build/generated/source/codegen/jni/react/renderer/components/rnscreens/EventEmitters.cpp:244:78: warning: '$' in identifier [-Wdollar-in-identifier-extension]
C/C++: void RNSScreenStackEventEmitter::onFinishTransitioning(OnFinishTransitioning $event) const {
C/C++:                                                                              ^
C/C++: D:/hobby/wise_wallet/node_modules/react-native-screens/android/build/generated/source/codegen/jni/react/renderer/components/rnscreens/EventEmitters.cpp:246:10: warning: '$' in identifier [-Wdollar-in-identifier-extension]
C/C++:     auto $payload = jsi::Object(runtime);
C/C++:          ^
C/C++: D:/hobby/wise_wallet/node_modules/react-native-screens/android/build/generated/source/codegen/jni/react/renderer/components/rnscreens/EventEmitters.cpp:248:12: warning: '$' in identifier [-Wdollar-in-identifier-extension]
C/C++:     return $payload;
C/C++:            ^
C/C++: D:/hobby/wise_wallet/node_modules/react-native-screens/android/build/generated/source/codegen/jni/react/renderer/components/rnscreens/EventEmitters.cpp:253:60: warning: '$' in identifier [-Wdollar-in-identifier-extension]
C/C++: void RNSSearchBarEventEmitter::onSearchFocus(OnSearchFocus $event) const {
C/C++:                                                            ^
C/C++: D:/hobby/wise_wallet/node_modules/react-native-screens/android/build/generated/source/codegen/jni/react/renderer/components/rnscreens/EventEmitters.cpp:255:10: warning: '$' in identifier [-Wdollar-in-identifier-extension]
C/C++:     auto $payload = jsi::Object(runtime);
C/C++:          ^
C/C++: D:/hobby/wise_wallet/node_modules/react-native-screens/android/build/generated/source/codegen/jni/react/renderer/components/rnscreens/EventEmitters.cpp:257:12: warning: '$' in identifier [-Wdollar-in-identifier-extension]
C/C++:     return $payload;
C/C++:            ^
C/C++: D:/hobby/wise_wallet/node_modules/react-native-screens/android/build/generated/source/codegen/jni/react/renderer/components/rnscreens/EventEmitters.cpp:262:58: warning: '$' in identifier [-Wdollar-in-identifier-extension]
C/C++: void RNSSearchBarEventEmitter::onSearchBlur(OnSearchBlur $event) const {
C/C++:                                                          ^
C/C++: D:/hobby/wise_wallet/node_modules/react-native-screens/android/build/generated/source/codegen/jni/react/renderer/components/rnscreens/EventEmitters.cpp:264:10: warning: '$' in identifier [-Wdollar-in-identifier-extension]
C/C++:     auto $payload = jsi::Object(runtime);
C/C++:          ^
C/C++: D:/hobby/wise_wallet/node_modules/react-native-screens/android/build/generated/source/codegen/jni/react/renderer/components/rnscreens/EventEmitters.cpp:266:12: warning: '$' in identifier [-Wdollar-in-identifier-extension]
C/C++:     return $payload;
C/C++:            ^
C/C++: D:/hobby/wise_wallet/node_modules/react-native-screens/android/build/generated/source/codegen/jni/react/renderer/components/rnscreens/EventEmitters.cpp:271:72: warning: '$' in identifier [-Wdollar-in-identifier-extension]
C/C++: void RNSSearchBarEventEmitter::onSearchButtonPress(OnSearchButtonPress $event) const {
C/C++:                                                                        ^
C/C++: D:/hobby/wise_wallet/node_modules/react-native-screens/android/build/generated/source/codegen/jni/react/renderer/components/rnscreens/EventEmitters.cpp:272:39: warning: '$' in identifier [-Wdollar-in-identifier-extension]
C/C++:   dispatchEvent("searchButtonPress", [$event=std::move($event)](jsi::Runtime &runtime) {
C/C++:                                       ^
C/C++: D:/hobby/wise_wallet/node_modules/react-native-screens/android/build/generated/source/codegen/jni/react/renderer/components/rnscreens/EventEmitters.cpp:272:56: warning: '$' in identifier [-Wdollar-in-identifier-extension]
C/C++:   dispatchEvent("searchButtonPress", [$event=std::move($event)](jsi::Runtime &runtime) {
C/C++:                                                        ^
C/C++: D:/hobby/wise_wallet/node_modules/react-native-screens/android/build/generated/source/codegen/jni/react/renderer/components/rnscreens/EventEmitters.cpp:273:10: warning: '$' in identifier [-Wdollar-in-identifier-extension]
C/C++:     auto $payload = jsi::Object(runtime);
C/C++:          ^
C/C++: D:/hobby/wise_wallet/node_modules/react-native-screens/android/build/generated/source/codegen/jni/react/renderer/components/rnscreens/EventEmitters.cpp:274:5: warning: '$' in identifier [-Wdollar-in-identifier-extension]
C/C++:     $payload.setProperty(runtime, "text", $event.text);
C/C++:     ^
C/C++: D:/hobby/wise_wallet/node_modules/react-native-screens/android/build/generated/source/codegen/jni/react/renderer/components/rnscreens/EventEmitters.cpp:274:43: warning: '$' in identifier [-Wdollar-in-identifier-extension]
C/C++:     $payload.setProperty(runtime, "text", $event.text);
C/C++:                                           ^
C/C++: D:/hobby/wise_wallet/node_modules/react-native-screens/android/build/generated/source/codegen/jni/react/renderer/components/rnscreens/EventEmitters.cpp:275:12: warning: '$' in identifier [-Wdollar-in-identifier-extension]
C/C++:     return $payload;
C/C++:            ^
C/C++: D:/hobby/wise_wallet/node_modules/react-native-screens/android/build/generated/source/codegen/jni/react/renderer/components/rnscreens/EventEmitters.cpp:280:72: warning: '$' in identifier [-Wdollar-in-identifier-extension]
C/C++: void RNSSearchBarEventEmitter::onCancelButtonPress(OnCancelButtonPress $event) const {
C/C++:                                                                        ^
C/C++: D:/hobby/wise_wallet/node_modules/react-native-screens/android/build/generated/source/codegen/jni/react/renderer/components/rnscreens/EventEmitters.cpp:282:10: warning: '$' in identifier [-Wdollar-in-identifier-extension]
C/C++:     auto $payload = jsi::Object(runtime);
C/C++:          ^
C/C++: D:/hobby/wise_wallet/node_modules/react-native-screens/android/build/generated/source/codegen/jni/react/renderer/components/rnscreens/EventEmitters.cpp:284:12: warning: '$' in identifier [-Wdollar-in-identifier-extension]
C/C++:     return $payload;
C/C++:            ^
C/C++: D:/hobby/wise_wallet/node_modules/react-native-screens/android/build/generated/source/codegen/jni/react/renderer/components/rnscreens/EventEmitters.cpp:289:58: warning: '$' in identifier [-Wdollar-in-identifier-extension]
C/C++: void RNSSearchBarEventEmitter::onChangeText(OnChangeText $event) const {
C/C++:                                                          ^
C/C++: D:/hobby/wise_wallet/node_modules/react-native-screens/android/build/generated/source/codegen/jni/react/renderer/components/rnscreens/EventEmitters.cpp:290:32: warning: '$' in identifier [-Wdollar-in-identifier-extension]
C/C++:   dispatchEvent("changeText", [$event=std::move($event)](jsi::Runtime &runtime) {
C/C++:                                ^
C/C++: D:/hobby/wise_wallet/node_modules/react-native-screens/android/build/generated/source/codegen/jni/react/renderer/components/rnscreens/EventEmitters.cpp:290:49: warning: '$' in identifier [-Wdollar-in-identifier-extension]
C/C++:   dispatchEvent("changeText", [$event=std::move($event)](jsi::Runtime &runtime) {
C/C++:                                                 ^
C/C++: D:/hobby/wise_wallet/node_modules/react-native-screens/android/build/generated/source/codegen/jni/react/renderer/components/rnscreens/EventEmitters.cpp:291:10: warning: '$' in identifier [-Wdollar-in-identifier-extension]
C/C++:     auto $payload = jsi::Object(runtime);
C/C++:          ^
C/C++: D:/hobby/wise_wallet/node_modules/react-native-screens/android/build/generated/source/codegen/jni/react/renderer/components/rnscreens/EventEmitters.cpp:292:5: warning: '$' in identifier [-Wdollar-in-identifier-extension]
C/C++:     $payload.setProperty(runtime, "text", $event.text);
C/C++:     ^
C/C++: D:/hobby/wise_wallet/node_modules/react-native-screens/android/build/generated/source/codegen/jni/react/renderer/components/rnscreens/EventEmitters.cpp:292:43: warning: '$' in identifier [-Wdollar-in-identifier-extension]
C/C++:     $payload.setProperty(runtime, "text", $event.text);
C/C++:                                           ^
C/C++: D:/hobby/wise_wallet/node_modules/react-native-screens/android/build/generated/source/codegen/jni/react/renderer/components/rnscreens/EventEmitters.cpp:293:12: warning: '$' in identifier [-Wdollar-in-identifier-extension]
C/C++:     return $payload;
C/C++:            ^
C/C++: D:/hobby/wise_wallet/node_modules/react-native-screens/android/build/generated/source/codegen/jni/react/renderer/components/rnscreens/EventEmitters.cpp:298:48: warning: '$' in identifier [-Wdollar-in-identifier-extension]
C/C++: void RNSSearchBarEventEmitter::onClose(OnClose $event) const {
C/C++:                                                ^
C/C++: D:/hobby/wise_wallet/node_modules/react-native-screens/android/build/generated/source/codegen/jni/react/renderer/components/rnscreens/EventEmitters.cpp:300:10: warning: '$' in identifier [-Wdollar-in-identifier-extension]
C/C++:     auto $payload = jsi::Object(runtime);
C/C++:          ^
C/C++: D:/hobby/wise_wallet/node_modules/react-native-screens/android/build/generated/source/codegen/jni/react/renderer/components/rnscreens/EventEmitters.cpp:302:12: warning: '$' in identifier [-Wdollar-in-identifier-extension]
C/C++:     return $payload;
C/C++:            ^
C/C++: D:/hobby/wise_wallet/node_modules/react-native-screens/android/build/generated/source/codegen/jni/react/renderer/components/rnscreens/EventEmitters.cpp:307:46: warning: '$' in identifier [-Wdollar-in-identifier-extension]
C/C++: void RNSSearchBarEventEmitter::onOpen(OnOpen $event) const {
C/C++:                                              ^
C/C++: D:/hobby/wise_wallet/node_modules/react-native-screens/android/build/generated/source/codegen/jni/react/renderer/components/rnscreens/EventEmitters.cpp:309:10: warning: '$' in identifier [-Wdollar-in-identifier-extension]
C/C++:     auto $payload = jsi::Object(runtime);
C/C++:          ^
C/C++: D:/hobby/wise_wallet/node_modules/react-native-screens/android/build/generated/source/codegen/jni/react/renderer/components/rnscreens/EventEmitters.cpp:311:12: warning: '$' in identifier [-Wdollar-in-identifier-extension]
C/C++:     return $payload;
C/C++:            ^
C/C++: 156 warnings generated.
C/C++: D:/hobby/wise_wallet/node_modules/react-native-svg/android/build/generated/source/codegen/jni/react/renderer/components/rnsvg/EventEmitters.cpp:30:44: warning: '$' in identifier [-Wdollar-in-identifier-extension]
C/C++: void RNSVGImageEventEmitter::onLoad(OnLoad $event) const {
C/C++:                                            ^
C/C++: D:/hobby/wise_wallet/node_modules/react-native-svg/android/build/generated/source/codegen/jni/react/renderer/components/rnsvg/EventEmitters.cpp:31:26: warning: '$' in identifier [-Wdollar-in-identifier-extension]
C/C++:   dispatchEvent("load", [$event=std::move($event)](jsi::Runtime &runtime) {
C/C++:                          ^
C/C++: D:/hobby/wise_wallet/node_modules/react-native-svg/android/build/generated/source/codegen/jni/react/renderer/components/rnsvg/EventEmitters.cpp:31:43: warning: '$' in identifier [-Wdollar-in-identifier-extension]
C/C++:   dispatchEvent("load", [$event=std::move($event)](jsi::Runtime &runtime) {
C/C++:                                           ^
C/C++: D:/hobby/wise_wallet/node_modules/react-native-svg/android/build/generated/source/codegen/jni/react/renderer/components/rnsvg/EventEmitters.cpp:32:10: warning: '$' in identifier [-Wdollar-in-identifier-extension]
C/C++:     auto $payload = jsi::Object(runtime);
C/C++:          ^
C/C++: D:/hobby/wise_wallet/node_modules/react-native-svg/android/build/generated/source/codegen/jni/react/renderer/components/rnsvg/EventEmitters.cpp:35:40: warning: '$' in identifier [-Wdollar-in-identifier-extension]
C/C++:   source.setProperty(runtime, "width", $event.source.width);
C/C++:                                        ^
C/C++: D:/hobby/wise_wallet/node_modules/react-native-svg/android/build/generated/source/codegen/jni/react/renderer/components/rnsvg/EventEmitters.cpp:36:41: warning: '$' in identifier [-Wdollar-in-identifier-extension]
C/C++:   source.setProperty(runtime, "height", $event.source.height);
C/C++:                                         ^
C/C++: D:/hobby/wise_wallet/node_modules/react-native-svg/android/build/generated/source/codegen/jni/react/renderer/components/rnsvg/EventEmitters.cpp:37:38: warning: '$' in identifier [-Wdollar-in-identifier-extension]
C/C++:   source.setProperty(runtime, "uri", $event.source.uri);
C/C++:                                      ^
C/C++: D:/hobby/wise_wallet/node_modules/react-native-svg/android/build/generated/source/codegen/jni/react/renderer/components/rnsvg/EventEmitters.cpp:38:3: warning: '$' in identifier [-Wdollar-in-identifier-extension]
C/C++:   $payload.setProperty(runtime, "source", source);
C/C++:   ^
C/C++: D:/hobby/wise_wallet/node_modules/react-native-svg/android/build/generated/source/codegen/jni/react/renderer/components/rnsvg/EventEmitters.cpp:40:12: warning: '$' in identifier [-Wdollar-in-identifier-extension]
C/C++:     return $payload;
C/C++:            ^
C/C++: 9 warnings generated.

> Task :app:mergeReleaseJniLibFolders
> Task :expo:copyReleaseJniLibsProjectOnly
> Task :expo-application:copyReleaseJniLibsProjectOnly
> Task :expo-asset:copyReleaseJniLibsProjectOnly
> Task :expo-constants:copyReleaseJniLibsProjectOnly
> Task :expo-crypto:copyReleaseJniLibsProjectOnly
> Task :expo-document-picker:copyReleaseJniLibsProjectOnly
> Task :expo-file-system:copyReleaseJniLibsProjectOnly
> Task :expo-font:copyReleaseJniLibsProjectOnly
> Task :expo-image:copyReleaseJniLibsProjectOnly
> Task :expo-image-loader:copyReleaseJniLibsProjectOnly
> Task :expo-image-picker:copyReleaseJniLibsProjectOnly
> Task :expo-keep-awake:copyReleaseJniLibsProjectOnly
> Task :expo-linear-gradient:copyReleaseJniLibsProjectOnly
> Task :expo-linking:copyReleaseJniLibsProjectOnly
> Task :expo-notifications:copyReleaseJniLibsProjectOnly
> Task :expo-print:copyReleaseJniLibsProjectOnly
> Task :expo-secure-store:copyReleaseJniLibsProjectOnly
> Task :expo-sharing:copyReleaseJniLibsProjectOnly
> Task :react-native-async-storage_async-storage:copyReleaseJniLibsProjectOnly
> Task :react-native-get-random-values:copyReleaseJniLibsProjectOnly
> Task :react-native-safe-area-context:copyReleaseJniLibsProjectOnly
> Task :react-native-svg:copyReleaseJniLibsProjectOnly
> Task :react-native-vector-icons:copyReleaseJniLibsProjectOnly
> Task :shopify_flash-list:copyReleaseJniLibsProjectOnly
> Task :react-native-get-random-values:bundleLibRuntimeToDirRelease
> Task :react-native-vector-icons:bundleLibRuntimeToDirRelease
> Task :react-native-async-storage_async-storage:bundleLibRuntimeToDirRelease
> Task :react-native-safe-area-context:bundleLibRuntimeToDirRelease
> Task :expo:bundleLibRuntimeToDirRelease
> Task :expo-modules-core:copyReleaseJniLibsProjectOnly
> Task :expo-constants:bundleLibRuntimeToDirRelease
> Task :expo-application:bundleLibRuntimeToDirRelease
> Task :expo-asset:bundleLibRuntimeToDirRelease
> Task :react-native-screens:bundleLibRuntimeToDirRelease
> Task :expo-crypto:bundleLibRuntimeToDirRelease
> Task :expo-document-picker:bundleLibRuntimeToDirRelease
> Task :expo-font:bundleLibRuntimeToDirRelease
> Task :expo-sqlite:copyReleaseJniLibsProjectOnly
> Task :react-native-svg:bundleLibRuntimeToDirRelease
> Task :expo-image-loader:bundleLibRuntimeToDirRelease
> Task :expo-image:bundleLibRuntimeToDirRelease
> Task :expo-keep-awake:bundleLibRuntimeToDirRelease
> Task :expo-linear-gradient:bundleLibRuntimeToDirRelease
> Task :expo-linking:bundleLibRuntimeToDirRelease
> Task :expo-image-picker:bundleLibRuntimeToDirRelease
> Task :expo-sharing:bundleLibRuntimeToDirRelease
> Task :expo-print:bundleLibRuntimeToDirRelease
> Task :expo-secure-store:bundleLibRuntimeToDirRelease
> Task :expo-sqlite:bundleLibRuntimeToDirRelease
> Task :expo-file-system:bundleLibRuntimeToDirRelease
> Task :expo-sqlite:lintVitalAnalyzeRelease
> Task :react-native-screens:copyReleaseJniLibsProjectOnly
> Task :expo-sharing:lintVitalAnalyzeRelease
> Task :expo-notifications:bundleLibRuntimeToDirRelease
> Task :shopify_flash-list:bundleLibRuntimeToDirRelease
> Task :react-native-get-random-values:lintVitalAnalyzeRelease
> Task :react-native-async-storage_async-storage:lintVitalAnalyzeRelease
> Task :expo-modules-core:bundleLibRuntimeToDirRelease
> Task :app:checkReleaseDuplicateClasses
> Task :react-native-safe-area-context:lintVitalAnalyzeRelease
> Task :app:dexBuilderRelease
> Task :app:desugarReleaseFileDependencies
> Task :app:mergeReleaseStartupProfile
> Task :app:mergeReleaseNativeLibs
> Task :react-native-svg:lintVitalAnalyzeRelease
> Task :app:mergeReleaseArtProfile
> Task :app:mergeReleaseShaders
> Task :app:compileReleaseShaders NO-SOURCE
> Task :app:generateReleaseAssets UP-TO-DATE
> Task :app:mergeReleaseGlobalSynthetics
> Task :app:stripReleaseDebugSymbols
> Task :app:mergeReleaseAssets
> Task :react-native-vector-icons:lintVitalAnalyzeRelease
> Task :app:extractReleaseVersionControlInfo
> Task :app:processReleaseJavaRes
> Task :app:collectReleaseDependencies
> Task :app:compressReleaseAssets
> Task :app:sdkReleaseDependencyData
> Task :app:validateSigningRelease
> Task :app:writeReleaseAppMetadata
> Task :app:writeReleaseSigningConfigVersions
> Task :expo:bundleReleaseAar
> Task :expo:mapReleaseSourceSetPaths
> Task :app:extractReleaseNativeSymbolTables
> Task :shopify_flash-list:lintVitalAnalyzeRelease
> Task :react-native-screens:lintVitalAnalyzeRelease
> Task :app:mergeExtDexRelease
> Task :expo:mergeReleaseResources
> Task :app:mergeReleaseJavaResource
> Task :expo-application:bundleReleaseAar
> Task :expo-application:mapReleaseSourceSetPaths
> Task :app:lintVitalAnalyzeRelease
> Task :app:mergeReleaseNativeDebugMetadata
> Task :app:mergeDexRelease
> Task :app:optimizeReleaseResources
> Task :expo:verifyReleaseResources
> Task :expo-application:mergeReleaseResources
> Task :expo:assembleRelease
> Task :expo-asset:bundleReleaseAar
> Task :expo-asset:mapReleaseSourceSetPaths
> Task :app:lintVitalReportRelease
> Task :app:compileReleaseArtProfile
> Task :expo-asset:mergeReleaseResources
> Task :app:lintVitalRelease
> Task :expo-constants:bundleReleaseAar
> Task :expo-constants:mapReleaseSourceSetPaths
> Task :expo-constants:mergeReleaseResources
> Task :expo-crypto:bundleReleaseAar
> Task :expo-crypto:mapReleaseSourceSetPaths
> Task :expo-application:verifyReleaseResources
> Task :expo-crypto:mergeReleaseResources
> Task :expo-application:assembleRelease
> Task :expo-asset:verifyReleaseResources
> Task :expo-asset:assembleRelease
> Task :expo-document-picker:bundleReleaseAar
> Task :expo-document-picker:mapReleaseSourceSetPaths
> Task :expo-constants:verifyReleaseResources
> Task :expo-document-picker:mergeReleaseResources
> Task :expo-constants:assembleRelease
> Task :expo-file-system:bundleReleaseAar
> Task :expo-file-system:mapReleaseSourceSetPaths
> Task :expo-crypto:verifyReleaseResources
> Task :expo-file-system:mergeReleaseResources
> Task :expo-crypto:assembleRelease
> Task :expo-font:bundleReleaseAar
> Task :expo-font:mapReleaseSourceSetPaths
> Task :expo-font:mergeReleaseResources
> Task :expo-image:bundleReleaseAar
> Task :expo-image:mapReleaseSourceSetPaths
> Task :expo-document-picker:verifyReleaseResources
> Task :expo-image:mergeReleaseResources
> Task :expo-document-picker:assembleRelease
> Task :expo-file-system:verifyReleaseResources
> Task :expo-font:verifyReleaseResources
> Task :app:packageRelease
> Task :app:createReleaseApkListingFileRedirect
> Task :app:assembleRelease
> Task :expo-file-system:assembleRelease
> Task :expo-font:assembleRelease
> Task :expo-image-loader:bundleReleaseAar
> Task :expo-image-loader:mapReleaseSourceSetPaths
> Task :expo-image-loader:mergeReleaseResources
> Task :expo-image-picker:bundleReleaseAar
> Task :expo-image-picker:mapReleaseSourceSetPaths
> Task :expo-image:verifyReleaseResources
> Task :expo-image-loader:verifyReleaseResources
> Task :expo-image-picker:mergeReleaseResources
> Task :expo-image:assembleRelease
> Task :expo-image-loader:assembleRelease
> Task :expo-keep-awake:bundleReleaseAar
> Task :expo-keep-awake:mapReleaseSourceSetPaths
> Task :expo-keep-awake:mergeReleaseResources
> Task :expo-image-picker:verifyReleaseResources
> Task :expo-linear-gradient:bundleReleaseAar
> Task :expo-image-picker:assembleRelease
> Task :expo-linear-gradient:mapReleaseSourceSetPaths
> Task :expo-keep-awake:verifyReleaseResources
> Task :expo-linear-gradient:mergeReleaseResources
> Task :expo-keep-awake:assembleRelease
> Task :expo-linking:bundleReleaseAar
> Task :expo-linking:mapReleaseSourceSetPaths
> Task :expo-linking:mergeReleaseResources
> Task :expo-modules-core:bundleReleaseAar
> Task :expo-modules-core:mapReleaseSourceSetPaths
> Task :expo-modules-core:mergeReleaseResources
> Task :expo-notifications:bundleReleaseAar
> Task :expo-notifications:mapReleaseSourceSetPaths
> Task :expo-linear-gradient:verifyReleaseResources
> Task :expo-notifications:mergeReleaseResources
> Task :expo-linear-gradient:assembleRelease
> Task :expo-print:bundleReleaseAar
> Task :expo-print:mapReleaseSourceSetPaths
> Task :expo-linking:verifyReleaseResources
> Task :expo-print:mergeReleaseResources
> Task :expo-linking:assembleRelease
> Task :expo-secure-store:bundleReleaseAar
> Task :expo-secure-store:mapReleaseSourceSetPaths
> Task :expo-modules-core:verifyReleaseResources
> Task :expo-secure-store:mergeReleaseResources
> Task :expo-modules-core:assembleRelease
> Task :expo-sharing:bundleReleaseAar
> Task :expo-sharing:mapReleaseSourceSetPaths
> Task :expo-sharing:mergeReleaseResources
> Task :expo-notifications:verifyReleaseResources
> Task :expo-sqlite:bundleReleaseAar
> Task :expo-notifications:assembleRelease
> Task :expo-sqlite:mapReleaseSourceSetPaths
> Task :expo-print:verifyReleaseResources
> Task :expo-sqlite:mergeReleaseResources
> Task :expo-print:assembleRelease
> Task :react-native-async-storage_async-storage:bundleReleaseAar
> Task :expo-secure-store:verifyReleaseResources
> Task :react-native-async-storage_async-storage:mapReleaseSourceSetPaths
> Task :expo-secure-store:assembleRelease
> Task :react-native-async-storage_async-storage:mergeReleaseResources
> Task :expo-sharing:verifyReleaseResources
> Task :expo-sharing:assembleRelease
> Task :react-native-get-random-values:bundleReleaseAar
> Task :react-native-get-random-values:mapReleaseSourceSetPaths
> Task :react-native-get-random-values:mergeReleaseResources
> Task :react-native-safe-area-context:bundleReleaseAar
> Task :react-native-safe-area-context:mapReleaseSourceSetPaths
> Task :expo-sqlite:verifyReleaseResources
> Task :react-native-safe-area-context:mergeReleaseResources
> Task :expo-sqlite:assembleRelease
> Task :react-native-screens:bundleReleaseAar
> Task :react-native-screens:mapReleaseSourceSetPaths
> Task :react-native-async-storage_async-storage:verifyReleaseResources
> Task :react-native-screens:mergeReleaseResources
> Task :react-native-async-storage_async-storage:assembleRelease
> Task :react-native-svg:bundleReleaseAar
> Task :react-native-get-random-values:verifyReleaseResources
> Task :react-native-svg:mapReleaseSourceSetPaths
> Task :react-native-get-random-values:assembleRelease
> Task :react-native-safe-area-context:verifyReleaseResources
> Task :react-native-svg:mergeReleaseResources
> Task :react-native-safe-area-context:assembleRelease
> Task :react-native-vector-icons:bundleReleaseAar
> Task :react-native-vector-icons:mapReleaseSourceSetPaths
> Task :react-native-vector-icons:mergeReleaseResources
> Task :shopify_flash-list:bundleReleaseAar
> Task :react-native-svg:verifyReleaseResources
> Task :react-native-vector-icons:verifyReleaseResources
> Task :react-native-screens:verifyReleaseResources
> Task :shopify_flash-list:mapReleaseSourceSetPaths
> Task :react-native-screens:assembleRelease
> Task :react-native-svg:assembleRelease
> Task :react-native-vector-icons:assembleRelease
> Task :shopify_flash-list:mergeReleaseResources
> Task :shopify_flash-list:verifyReleaseResources
> Task :shopify_flash-list:assembleRelease

Deprecated Gradle features were used in this build, making it incompatible with Gradle 9.0.

You can use '--warning-mode all' to show the individual deprecation warnings and determine if they come from your own scripts or plugins.

For more on this, please refer to https://docs.gradle.org/8.10.2/userguide/command_line_interface.html#sec:command_line_warnings in the Gradle documentation.

BUILD SUCCESSFUL in 11m 27s
1244 actionable tasks: 1234 executed, 10 up-to-date
[6/8] Building Release APK completed.
[7/8] SUCCESS! APK built at .\android\app\build\outputs\apk\release\app-release.apk
